0,1,2,3,4,5,6,7,8,9,10,11,12,13,14,15,16,17,18,19,20,21,22,23,24,25,26,27,28,29,30,31,32,33,34,35,36,37,38,39,40,41,42,43,44,45,46,47,48,49,50,51,52,53,54,55,56,57,58,59,60
160,162,0,0,128,85,26,157,238,35,23,196,225,184,119,65,0,0,0,0,0,0,48,0,0,0,32,253,247,70,143,166,167,233,49,61,211,131,30,122,244,244,0,158,51,192,128,39,224,1,60,192,51,30,120,240,240,252,190,51,0
33,255,77,0,0,253,56,128,255,167,91,198,227,121,255,207,29,9,0,0,0,0,112,228,17,34,32,212,245,15,95,168,2,34,248,253,213,175,154,251,17,244,43,126,112,192,241,15,48,131,119,120,199,127,255,255,219,237,50,112,3
1,0,62,12,0,0,128,192,30,0,95,3,128,127,204,255,255,64,1,56,0,0,16,0,0,14,4,0,0,16,64,3,0,0,184,251,1,0,0,245,255,3,244,129,255,117,6,128,1,48,0,7,14,0,0,0,246,243,255,239,55
60,127,66,251,127,255,188,210,31,104,244,200,255,1,255,124,8,25,0,246,255,255,63,228,144,33,255,251,255,206,127,147,72,32,250,255,0,64,34,235,223,19,233,122,244,11,218,223,255,255,255,255,111,255,255,35,0,252,231,0,62
55,86,254,131,237,223,126,27,224,71,244,220,131,121,255,222,221,127,119,71,72,238,126,255,153,1,49,255,247,76,95,230,6,1,49,55,255,159,19,0,222,223,79,18,242,193,21,126,133,7,0,2,220,120,128,231,131,227,253,255,31
245,79,67,54,201,153,188,255,191,71,239,65,32,188,119,8,13,209,119,254,206,132,120,228,16,33,34,158,231,140,191,179,253,254,159,237,217,14,128,255,247,55,139,127,204,63,0,33,64,0,8,222,255,127,24,118,117,185,254,0,8
1,6,46,0,132,0,120,137,228,39,127,6,0,0,220,254,221,96,3,96,0,6,112,131,0,0,8,12,0,32,231,70,26,145,32,18,243,31,41,0,254,255,167,137,223,216,3,81,0,24,0,0,0,0,80,173,191,83,245,14,55
1,22,44,16,132,0,10,193,52,5,122,254,27,255,0,245,205,32,18,64,2,36,112,147,4,8,152,76,0,112,65,102,22,0,120,251,51,155,1,0,204,238,7,128,191,225,255,31,11,116,129,191,189,64,0,0,4,2,236,159,60
96,93,2,44,75,185,244,126,95,251,246,220,167,40,253,26,0,0,0,184,137,155,8,68,18,39,38,18,239,13,60,128,234,239,238,212,64,245,238,169,83,83,185,111,212,218,63,93,79,251,105,148,246,180,211,128,165,209,254,111,7
0,118,38,16,132,4,75,145,224,7,244,252,2,0,34,225,140,0,2,64,0,102,112,131,0,0,24,172,2,112,74,111,31,0,248,255,183,27,1,0,236,238,103,128,191,225,255,255,255,7,0,18,144,68,0,244,254,3,222,8,52
245,15,122,191,65,153,124,63,254,255,207,3,0,236,157,248,255,253,127,255,207,1,8,192,29,59,34,158,197,136,255,186,191,236,7,0,255,207,228,255,247,7,3,254,207,30,14,129,67,240,8,255,63,132,16,0,32,252,237,13,60
0,54,4,0,150,0,33,224,63,133,91,95,0,0,16,96,4,0,0,112,0,119,51,0,0,0,220,12,0,176,96,38,146,1,252,255,51,9,0,0,254,79,2,201,159,244,251,71,10,200,35,20,224,149,127,1,4,0,144,34,33
8,236,135,0,58,242,3,133,162,19,15,140,197,32,246,203,6,6,0,0,16,191,31,24,32,238,193,225,184,127,64,144,11,96,208,93,223,71,174,251,118,49,184,190,0,74,225,79,240,10,127,64,132,63,254,254,255,189,46,64,10
31,6,255,219,255,14,15,233,182,5,91,214,2,91,248,245,255,63,187,103,247,255,255,127,64,140,252,71,16,247,65,38,5,9,185,255,147,154,16,0,254,175,66,212,43,229,15,27,129,124,208,7,25,72,0,65,98,179,255,221,60
64,93,3,4,0,242,135,102,219,252,137,131,195,113,238,63,31,192,7,248,0,11,0,0,1,2,0,128,122,255,11,0,115,198,68,152,132,121,204,49,97,98,254,255,11,48,0,28,4,199,224,14,127,248,225,131,131,227,123,255,55
32,54,36,0,132,1,64,26,225,111,240,220,3,0,251,225,136,0,2,64,0,70,48,130,8,0,252,8,2,48,192,198,174,177,51,6,255,31,3,0,220,223,239,3,240,139,63,255,223,7,0,30,248,220,3,0,0,0,252,191,52
48,29,0,108,26,177,160,210,31,216,228,141,197,32,119,11,6,128,1,248,253,159,5,0,0,102,100,32,254,21,24,131,202,230,254,255,0,0,162,185,81,83,187,127,208,26,13,206,195,251,120,0,50,188,192,128,224,241,254,119,3
97,253,1,38,73,255,244,36,146,252,141,135,195,113,255,31,24,240,71,198,136,140,120,196,17,3,2,242,253,143,254,220,53,119,68,142,238,127,255,28,57,58,254,197,8,53,112,24,28,142,195,56,252,249,231,207,7,131,225,255,30
64,253,0,96,58,247,129,86,79,120,128,140,197,32,119,75,0,0,0,184,121,153,7,8,243,230,197,225,190,119,8,169,192,238,251,125,64,160,130,251,16,20,8,126,112,128,193,110,176,11,6,96,192,187,255,255,217,237,0,112,10
0,237,3,0,64,255,116,173,182,7,15,203,229,56,255,11,0,33,64,0,8,138,91,124,49,235,35,246,253,15,52,170,233,110,222,205,221,140,128,251,53,53,3,254,0,30,240,79,252,139,255,248,215,127,255,255,255,189,46,80,8
136,127,0,104,30,50,193,175,247,61,19,238,71,144,255,7,0,128,0,249,63,15,3,144,97,130,128,116,152,51,1,52,235,255,182,219,255,221,108,49,126,99,48,236,29,216,223,255,183,239,82,0,113,41,160,72,73,253,41,255,24
225,2,14,4,0,16,88,55,232,223,164,1,60,142,0,152,19,224,4,0,0,0,0,128,3,2,0,0,2,0,207,252,53,2,1,32,255,250,215,84,128,188,94,144,34,39,0,64,121,40,15,130,176,39,0,60,61,25,134,0,15
202,205,155,207,113,254,199,62,192,248,129,7,0,32,252,30,47,254,239,255,241,19,15,0,98,196,199,35,254,255,192,191,127,226,6,0,192,240,254,251,113,115,251,127,0,248,192,1,0,0,10,224,0,135,254,253,255,31,132,0,31
24,61,208,106,127,251,180,192,31,176,27,142,199,0,255,79,126,23,0,240,251,255,95,84,64,227,130,114,221,175,37,33,64,236,254,255,0,192,110,187,119,119,1,126,64,26,25,206,215,255,250,4,100,184,225,1,1,245,253,255,10
200,249,3,200,115,224,135,253,30,16,15,15,2,0,252,62,0,128,153,251,243,63,15,0,230,206,207,39,136,255,0,187,253,239,223,253,0,0,128,251,1,21,139,126,228,223,225,113,96,0,0,192,128,103,254,255,255,31,6,0,62
24,29,2,8,94,176,165,244,27,222,237,213,235,123,255,24,0,130,137,48,145,247,137,8,34,100,126,34,204,153,120,135,153,97,190,205,195,12,102,152,119,55,155,111,68,222,62,159,143,247,249,191,111,240,195,3,1,192,253,255,31
218,25,2,252,127,48,129,237,31,48,11,6,131,113,254,31,2,128,159,249,255,255,15,0,98,204,204,0,152,63,160,179,235,255,159,93,0,192,42,187,119,3,40,126,80,24,24,28,135,255,243,31,255,248,193,1,1,227,249,255,31
101,237,9,126,65,185,244,54,73,218,228,141,1,176,255,11,2,240,239,254,157,1,8,192,17,35,34,50,255,137,188,203,248,119,7,68,100,44,227,141,17,25,255,35,224,223,131,31,0,1,32,192,3,190,251,247,243,251,255,51,1
112,253,1,104,91,251,180,118,27,216,224,141,197,32,255,11,0,146,200,244,153,159,13,72,51,103,102,34,255,157,56,153,88,102,254,253,64,100,230,153,17,17,187,127,192,158,145,111,236,3,32,0,194,62,255,255,147,249,126,98,3
101,13,252,126,9,153,240,55,192,222,205,223,199,48,254,143,63,241,255,239,137,140,240,196,19,35,0,16,237,13,188,159,249,111,7,0,207,12,34,152,50,51,155,127,68,223,63,255,207,255,249,7,6,48,192,128,193,225,253,255,11
10,95,146,200,126,242,7,36,182,183,15,15,3,65,236,127,62,134,141,241,241,63,207,24,99,198,0,32,248,255,0,0,161,207,247,184,255,95,76,49,99,98,114,253,15,244,65,56,0,6,128,0,204,97,167,223,15,135,97,255,62
0,28,2,0,6,0,1,129,176,7,79,3,8,74,144,240,4,32,1,32,0,54,176,1,0,12,220,4,0,240,160,22,185,197,22,0,251,15,0,145,255,3,242,255,143,62,8,64,95,252,219,182,248,229,0,0,44,2,196,141,62
200,128,183,24,54,0,131,193,54,0,91,6,0,128,170,101,206,6,0,248,55,111,51,129,4,8,216,108,0,115,1,41,209,219,124,251,0,160,197,22,5,236,3,196,15,252,194,130,32,16,6,235,11,2,125,255,218,126,3,176,48
224,31,96,48,140,27,112,191,247,7,27,238,84,144,43,33,136,160,39,240,4,239,40,130,8,0,16,252,3,0,244,108,27,202,98,91,246,189,239,178,100,125,3,172,93,218,223,115,135,96,16,6,113,204,32,64,64,60,205,25,48
53,191,252,3,252,223,24,2,233,255,224,137,196,144,127,195,223,191,103,7,0,207,95,100,144,34,35,255,255,78,223,206,31,0,112,254,255,63,255,204,152,248,255,1,224,7,1,230,164,9,52,0,1,154,253,251,211,252,27,51,0
8,16,164,0,148,34,195,55,64,216,224,11,4,128,2,37,134,130,177,241,54,127,19,10,40,218,216,108,26,113,192,223,31,16,232,166,34,114,119,4,152,154,254,1,234,39,33,96,73,40,1,0,176,127,2,60,254,3,132,0,60
97,237,137,236,17,255,231,62,193,254,128,141,1,48,247,11,3,230,207,255,249,1,3,24,243,231,195,227,255,255,160,154,253,247,7,4,205,110,230,253,51,48,252,119,0,223,225,15,0,1,36,224,134,63,255,255,255,255,54,98,3
37,141,252,43,75,153,252,55,224,222,164,129,229,113,255,143,191,251,255,135,0,159,108,196,147,3,0,144,239,140,254,255,29,0,32,108,255,126,119,0,176,185,223,119,102,15,4,230,239,183,240,143,31,24,64,194,195,249,255,255,1
72,253,131,236,81,250,167,102,31,248,137,143,131,48,255,15,34,198,141,253,249,25,131,8,99,199,198,32,252,255,160,155,249,239,79,12,64,96,230,249,49,48,250,127,0,255,227,63,64,3,0,193,14,52,255,255,255,255,255,110,15
64,13,0,0,0,16,32,32,210,156,201,7,129,122,255,31,0,0,0,8,0,0,0,128,0,0,68,0,140,25,48,0,240,255,6,140,204,104,230,153,49,50,186,111,136,190,0,40,0,7,64,16,223,124,243,231,199,195,253,255,15
65,237,15,4,0,240,165,108,150,180,11,3,203,123,252,223,51,64,0,8,0,0,192,0,3,199,2,0,220,191,116,57,91,196,220,217,128,233,236,179,99,98,178,255,13,60,96,152,252,151,255,249,143,97,255,255,223,135,33,255,31
138,162,148,64,22,34,3,2,101,41,48,16,12,2,64,74,238,6,8,112,55,127,163,137,102,68,220,0,8,115,64,36,3,137,104,27,178,241,47,0,108,124,33,140,21,8,0,96,24,8,3,48,128,129,255,254,45,4,128,7,3
10,6,180,9,62,64,11,10,197,123,50,20,129,42,116,202,190,14,8,17,33,95,135,16,66,148,148,0,62,114,1,4,34,161,32,20,255,255,127,32,88,216,253,11,113,72,30,132,6,241,36,255,79,144,65,130,128,72,22,34,7
180,255,65,163,253,223,124,18,233,223,164,205,67,248,255,3,12,57,99,102,200,207,127,126,144,33,51,255,255,204,191,204,172,115,3,102,255,63,51,204,152,249,255,1,96,199,144,31,132,129,52,254,255,255,251,247,195,248,127,51,0
0,13,30,4,0,0,161,208,15,88,164,0,0,123,249,244,35,64,0,24,1,0,0,128,2,4,68,0,142,17,112,151,74,128,250,93,0,4,42,169,86,81,169,46,85,26,0,48,0,5,128,159,11,80,64,129,130,66,255,191,53
1,12,12,4,0,48,33,165,182,149,75,19,207,115,252,255,29,96,2,0,0,0,240,144,1,0,0,64,152,59,97,2,147,192,188,153,131,9,64,48,103,98,50,223,137,244,33,16,8,4,129,16,136,97,134,143,143,3,225,255,63
39,6,255,35,252,223,24,128,226,23,15,92,0,10,81,216,255,63,87,3,8,238,255,255,213,32,32,253,165,14,79,0,0,0,112,255,255,15,12,50,100,252,51,172,7,200,247,168,37,128,4,123,68,2,9,254,19,140,2,64,30
8,125,0,72,126,50,161,228,23,148,73,223,235,123,255,26,0,128,136,48,17,255,11,8,34,68,252,34,140,27,32,129,81,237,252,221,0,208,110,25,119,51,26,239,136,252,127,191,143,247,225,31,111,240,193,131,3,193,253,255,15
0,12,12,0,0,17,160,224,23,132,73,3,0,0,48,97,63,0,1,248,1,2,240,0,0,2,0,0,142,17,96,3,80,0,252,223,0,8,64,8,27,19,143,99,200,126,0,0,0,200,1,16,224,128,47,6,4,0,10,16,48
32,63,0,40,46,16,152,219,31,106,180,140,197,0,247,11,0,0,0,240,77,255,92,0,1,2,0,24,166,0,31,161,200,175,251,255,64,212,34,139,22,21,137,58,116,202,31,238,135,203,112,0,96,184,225,192,192,249,255,119,1
33,13,126,52,128,1,56,16,154,222,237,69,0,74,145,248,173,97,99,104,8,0,176,134,0,0,52,24,134,0,190,22,232,117,7,0,235,30,32,128,254,3,253,35,68,223,22,33,0,0,0,223,29,4,16,50,32,24,238,0,24
33,252,132,0,184,119,1,130,225,15,128,137,205,0,118,203,24,34,132,0,16,207,119,190,97,66,64,248,254,55,0,130,128,34,208,4,255,15,130,73,16,16,252,123,240,1,225,68,188,139,119,48,240,255,255,223,221,0,0,114,1
229,16,122,255,9,209,152,217,15,0,55,12,4,128,238,63,31,221,247,255,255,143,126,32,1,2,1,252,247,78,31,163,226,255,223,53,0,0,128,251,85,212,0,126,113,0,9,80,2,108,128,0,176,210,0,1,148,75,115,248,55
1,238,15,7,129,238,63,129,164,5,95,222,235,123,246,203,1,116,0,12,0,0,240,125,192,137,235,247,241,255,55,162,226,232,23,21,209,13,128,251,245,247,3,126,17,216,231,31,248,3,127,242,159,127,254,253,255,147,190,5,10
33,13,124,50,140,25,240,119,146,148,205,3,0,0,178,225,255,115,71,192,0,142,240,207,17,2,0,60,197,8,124,85,25,65,254,223,138,220,103,128,63,35,151,229,204,94,16,0,4,248,145,10,241,8,1,66,0,32,90,185,48
101,29,124,54,128,1,240,243,25,200,240,85,0,10,16,240,255,83,111,232,143,4,240,199,27,0,0,16,198,0,124,173,89,43,110,205,0,176,127,0,0,252,131,110,204,222,9,97,2,0,0,0,160,132,18,0,100,16,140,15,0
39,28,252,54,136,27,48,128,241,4,200,7,0,30,32,225,255,127,247,204,12,4,240,207,61,1,0,60,207,0,52,0,224,255,22,65,255,13,128,182,5,125,131,228,205,30,0,32,14,0,0,62,249,201,3,4,4,0,200,187,48
120,13,58,62,7,0,244,53,8,214,237,1,160,56,119,136,231,241,251,60,15,147,0,0,2,60,126,2,134,0,252,147,125,36,135,68,72,70,114,217,191,3,221,119,228,15,0,128,65,248,104,135,2,0,0,160,160,249,255,7,3
37,13,126,54,205,153,48,245,186,214,237,1,36,0,145,240,255,123,119,164,8,138,240,71,17,42,32,28,133,8,254,255,29,0,248,239,154,222,119,144,191,35,211,245,14,63,0,0,0,248,153,6,240,128,0,0,0,0,204,137,60
1,238,15,4,0,234,119,145,224,7,191,144,203,115,254,159,1,96,128,12,0,0,112,104,32,65,66,163,121,255,252,166,171,136,18,65,223,141,0,178,116,119,3,254,85,90,160,31,232,55,253,247,159,126,250,245,255,211,254,46,7
0,30,50,24,126,0,224,62,217,255,236,223,7,0,243,1,40,128,43,112,5,255,175,128,2,0,20,0,6,0,90,196,28,49,250,254,226,126,127,0,250,251,255,35,228,143,159,255,231,255,176,15,0,0,0,2,0,248,127,255,37
56,86,34,16,254,1,48,157,255,7,175,8,4,128,255,64,78,129,83,112,142,255,31,0,0,0,252,255,129,0,245,246,31,0,176,255,255,31,53,4,254,175,213,128,6,79,1,64,0,200,251,0,240,255,247,67,1,176,237,95,24
0,29,52,0,62,0,1,96,31,252,232,143,1,0,255,71,190,128,3,240,5,255,63,0,0,0,20,8,10,112,200,215,31,1,188,254,162,92,127,0,250,43,255,193,142,255,223,255,128,1,0,1,2,128,249,225,225,253,255,63,1
32,61,0,0,94,48,160,118,31,252,232,199,0,56,255,0,0,128,65,120,8,135,0,0,0,32,228,18,254,11,48,133,251,245,46,222,192,84,111,184,122,123,255,111,64,218,16,6,0,0,0,172,103,255,255,227,1,252,189,119,1
160,86,2,0,254,0,31,153,255,7,191,204,7,0,255,7,0,0,0,112,66,255,63,32,0,0,28,143,33,244,95,118,159,221,183,255,255,31,17,0,254,239,71,128,47,229,63,127,0,8,0,0,240,252,241,193,225,243,255,127,11
200,2,55,25,54,0,75,26,193,251,48,0,2,193,238,191,238,170,187,115,85,119,7,0,2,4,220,1,42,112,200,117,22,144,169,50,42,211,93,101,254,202,100,153,187,161,0,48,0,4,128,43,12,96,129,155,3,207,97,252,63
26,237,147,74,87,170,39,192,27,66,237,129,66,123,255,119,46,18,137,116,209,23,191,72,34,69,198,35,248,255,120,179,217,108,154,221,1,4,128,191,119,55,137,110,68,94,32,16,0,192,249,253,239,254,255,231,231,3,255,255,62
32,62,4,0,190,23,8,144,234,71,165,253,13,0,112,192,0,0,0,0,0,255,253,239,0,0,104,181,172,69,90,206,13,1,248,255,239,30,53,0,168,185,255,133,6,207,255,191,12,128,0,25,192,0,163,254,1,0,42,117,10
64,253,0,0,26,243,97,46,215,255,1,251,255,1,64,11,0,0,0,0,0,159,3,128,115,230,64,48,252,31,32,184,11,239,238,223,254,253,239,187,1,112,184,238,17,152,240,104,252,131,3,120,199,127,255,255,3,4,0,112,10
1,0,124,4,128,0,192,0,0,0,112,6,0,0,32,193,255,98,7,232,0,0,112,131,0,0,0,44,2,48,192,77,6,1,40,2,2,176,59,0,8,220,103,0,243,192,2,0,0,0,0,151,1,128,50,64,252,32,140,19,0
160,118,0,0,206,0,52,187,125,239,240,204,3,0,255,31,0,0,2,112,0,127,40,128,0,0,24,14,67,136,126,239,31,17,122,255,102,191,127,0,200,253,255,33,255,203,25,63,0,0,0,0,240,253,247,1,225,243,253,111,15
0,188,132,64,22,34,97,133,224,3,3,220,197,48,118,11,0,34,128,0,16,23,49,136,32,64,68,32,136,17,32,164,10,169,50,93,211,149,46,170,118,117,129,46,84,218,63,239,207,3,112,2,151,56,224,228,229,225,188,119,3
1,252,132,0,144,35,65,22,224,90,133,252,253,2,96,195,40,34,0,0,0,156,241,173,51,68,68,0,172,21,200,222,15,1,178,74,239,87,37,0,58,33,253,164,68,203,255,239,255,251,127,145,132,4,222,254,253,1,180,6,11
184,118,2,16,254,0,26,249,255,7,254,236,3,128,191,52,0,0,1,240,255,255,63,2,0,16,28,12,2,64,11,100,222,221,255,255,187,223,121,4,254,207,7,128,255,225,25,127,6,4,0,0,240,255,247,1,0,240,253,223,60
1,0,44,4,128,0,0,192,10,0,133,4,0,0,0,252,95,96,7,232,0,0,112,129,0,0,0,12,0,0,200,39,225,65,56,8,128,0,4,16,36,36,16,132,7,202,0,0,0,0,0,145,128,4,22,60,60,0,132,0,56
11,232,253,72,18,50,193,22,192,122,129,248,255,123,240,216,43,231,202,1,1,16,161,156,115,100,228,0,156,19,192,222,9,0,162,64,239,85,39,128,58,1,253,38,68,74,255,223,255,255,255,33,14,0,196,255,255,247,241,239,7
193,249,1,44,0,16,192,63,64,248,128,131,255,241,239,15,0,224,12,24,0,1,0,128,255,38,0,0,132,0,136,153,245,126,71,0,196,98,246,255,1,176,222,247,34,39,12,254,207,255,240,14,127,120,224,193,195,227,253,255,7
75,189,200,124,16,51,225,103,146,156,73,247,107,126,240,1,33,226,254,8,17,0,193,141,63,110,108,32,136,17,224,189,121,37,142,68,72,244,103,137,51,3,153,103,196,222,127,31,139,225,177,191,255,249,98,4,196,2,216,255,33
10,15,176,120,30,0,193,63,64,237,120,7,0,0,248,62,254,226,255,247,63,255,131,0,2,4,76,0,0,49,192,255,31,0,32,132,86,189,122,0,80,254,43,123,240,252,0,0,0,0,0,11,64,0,1,2,0,4,65,255,63
33,12,126,52,128,17,56,228,151,148,75,7,0,0,16,248,255,97,71,232,8,8,112,132,1,2,0,28,132,0,183,51,245,92,21,136,137,8,4,119,239,35,82,213,15,245,1,0,0,8,0,0,176,160,0,0,4,1,164,78,31
97,253,13,4,128,255,181,228,155,220,141,131,255,113,255,247,17,80,0,8,0,0,80,88,33,195,3,240,255,255,52,17,217,68,254,218,128,64,228,181,35,35,190,229,13,62,40,95,223,239,255,148,255,255,242,5,239,3,252,255,30
160,247,7,0,72,221,60,219,255,47,114,204,231,121,255,95,0,0,0,0,0,132,112,244,144,33,32,219,255,14,63,170,138,170,250,253,85,133,138,170,84,245,43,126,240,136,209,127,252,135,254,232,207,255,255,255,155,254,1,240,53
33,255,77,2,192,159,180,239,151,188,75,255,131,115,252,63,8,0,2,72,128,4,248,223,1,1,0,126,223,138,53,54,211,221,188,219,155,89,68,17,255,3,50,205,141,252,255,255,255,231,243,191,255,253,231,135,134,66,249,255,55
97,253,75,38,193,155,180,245,30,148,207,223,195,113,255,63,21,81,69,172,136,8,120,78,1,35,2,190,207,137,188,247,251,253,191,222,0,80,109,145,255,35,188,237,13,126,255,223,207,255,255,158,255,252,227,129,199,195,255,255,55
37,237,79,7,128,221,60,4,166,183,15,254,239,123,254,223,17,113,0,0,0,0,240,255,145,35,3,212,245,142,127,68,13,81,97,110,238,126,119,80,168,185,253,149,6,199,247,255,252,159,255,241,143,119,255,255,255,223,22,0,7
224,237,1,0,0,136,247,127,27,252,236,199,67,127,255,39,0,192,3,120,128,5,0,128,0,0,124,3,105,221,254,245,127,113,47,238,2,220,127,0,254,187,223,119,236,223,146,55,192,1,48,255,79,94,255,255,243,254,255,51,32
72,237,3,72,18,48,129,212,31,216,141,193,235,123,255,31,0,128,0,56,17,19,1,0,34,230,101,0,188,23,64,151,201,101,186,255,8,64,6,153,254,3,252,191,0,11,24,30,134,255,241,31,111,248,225,129,131,227,255,255,7
119,173,253,247,193,255,254,245,162,16,143,135,195,122,254,199,221,127,247,239,248,0,124,255,209,35,3,255,253,207,255,247,125,85,169,42,170,82,119,0,254,3,220,149,14,103,4,30,129,237,253,74,255,126,96,211,211,251,127,255,32
224,79,3,8,2,0,252,255,186,66,175,65,231,233,255,26,0,128,1,48,0,3,0,0,0,54,55,11,102,192,222,251,255,236,135,125,217,199,190,255,255,147,201,126,118,11,8,93,103,255,253,206,126,246,216,161,179,251,255,46,39
192,253,3,0,18,160,103,54,250,222,237,199,193,248,255,3,2,128,0,16,0,7,1,128,32,64,196,32,254,191,160,136,57,115,71,140,230,254,255,220,1,190,223,119,136,255,129,47,192,3,0,128,7,62,248,255,251,255,255,119,10
192,93,3,12,2,0,180,114,25,248,240,197,3,123,255,55,0,192,2,120,1,0,0,128,0,0,20,0,2,208,62,197,253,119,47,238,0,112,119,192,185,187,223,241,238,31,14,191,215,119,248,191,47,252,240,1,226,247,253,223,62
97,253,79,38,129,223,184,247,251,22,137,139,255,241,255,223,17,113,4,136,0,0,96,196,145,35,2,252,255,143,62,219,217,118,222,238,237,108,162,223,1,16,221,103,64,31,45,127,207,111,249,16,254,252,242,229,231,195,255,255,15
33,254,5,0,128,157,60,139,229,7,114,204,227,121,255,207,0,32,0,0,0,4,112,196,0,0,32,222,245,14,127,166,138,168,122,221,87,133,2,170,84,245,3,126,80,218,56,31,196,135,248,158,255,253,243,227,227,241,253,111,11
63,237,247,251,255,239,247,55,138,222,141,221,235,123,244,138,254,191,255,247,255,255,255,127,250,245,255,163,255,223,252,215,29,117,171,110,234,86,119,0,186,171,252,129,6,71,63,223,207,255,253,159,255,48,192,128,133,193,254,239,15
129,178,236,0,128,7,0,137,100,33,18,158,68,16,98,199,221,102,7,0,0,4,112,155,1,0,0,124,16,51,65,102,146,128,112,179,183,11,8,32,76,238,34,136,187,240,127,126,152,0,18,48,129,73,230,207,207,39,8,255,48
63,253,252,251,127,255,183,70,219,248,129,93,1,0,240,202,255,255,255,255,255,254,255,255,243,229,231,179,255,223,120,149,27,69,170,220,202,212,110,0,254,35,184,239,4,222,243,191,0,17,32,1,2,144,255,255,179,88,22,34,3
160,175,0,0,2,16,128,114,89,202,224,193,224,253,255,0,2,128,0,16,0,1,0,0,0,0,48,28,134,0,216,255,28,32,72,231,116,174,243,206,157,159,203,115,240,39,24,10,135,255,254,239,127,248,225,67,65,252,249,255,8
8,236,131,64,50,226,7,4,226,23,15,180,219,127,238,63,0,2,136,0,17,19,131,8,34,204,204,34,24,255,32,0,128,66,82,89,223,13,164,186,32,117,177,238,5,218,242,159,188,149,255,251,143,91,255,255,223,14,67,240,53
160,95,7,0,128,9,56,233,117,37,122,198,3,249,255,244,0,0,0,0,0,0,48,128,0,0,16,30,71,128,119,37,10,136,250,223,16,149,105,162,92,127,3,40,221,154,24,63,198,135,248,175,127,252,241,227,35,255,253,207,31
224,95,7,0,0,16,184,110,223,253,19,94,175,107,213,90,0,0,0,0,0,0,0,128,3,0,0,0,214,2,103,149,91,225,238,255,130,245,127,48,114,115,187,239,29,216,67,29,64,3,104,161,14,181,223,191,175,215,181,110,7
32,255,1,0,128,17,48,64,95,255,244,212,225,58,119,64,0,0,0,8,0,0,112,4,0,32,32,16,207,8,188,196,190,179,39,214,103,31,123,172,216,251,255,3,240,88,0,7,64,1,56,128,231,191,255,245,245,249,190,7,1
62,61,244,251,255,255,63,68,223,254,133,205,1,16,255,193,254,159,255,247,255,255,255,127,240,247,243,251,255,255,126,212,13,117,171,238,234,86,119,0,250,51,252,23,0,199,89,6,0,128,18,40,225,251,255,203,0,100,9,251,32
32,93,2,0,74,153,48,52,251,223,205,75,231,1,255,94,0,0,0,0,0,143,8,0,0,32,32,16,205,9,52,208,25,116,246,206,255,127,231,157,59,59,255,231,76,222,17,74,132,138,80,0,68,236,183,99,3,181,237,95,26
0,236,1,0,18,34,65,161,112,132,88,211,233,123,247,11,0,0,0,0,0,3,1,0,32,68,204,32,136,51,0,130,144,32,52,132,87,8,2,8,21,254,11,127,128,62,33,239,201,47,121,144,151,124,242,228,239,243,252,127,11
119,13,254,183,201,157,124,18,200,218,164,253,139,34,240,223,255,127,255,207,204,140,248,255,153,35,2,156,231,140,255,255,31,0,32,64,134,246,127,0,32,185,221,181,70,207,255,255,199,55,64,143,15,0,128,192,193,243,253,255,11
0,28,4,0,2,0,32,144,249,206,228,141,70,65,170,119,0,0,0,0,0,15,0,128,0,0,0,0,8,17,24,0,136,1,250,199,127,12,32,128,28,29,129,34,244,159,1,118,129,13,160,0,90,88,96,215,194,98,123,251,53
160,6,14,0,128,0,56,201,61,35,126,4,2,201,155,244,1,0,0,8,0,0,48,0,0,0,16,28,3,128,55,32,74,157,186,87,58,213,43,162,126,79,161,40,213,24,0,16,66,124,140,132,56,198,16,33,122,126,199,136,52
0,205,7,0,0,16,0,100,215,253,9,7,129,98,220,30,0,0,0,0,0,1,0,128,2,4,4,0,136,51,32,133,67,225,236,253,128,240,126,16,246,115,250,255,0,56,0,40,16,6,194,161,12,225,255,255,47,151,161,204,30
64,9,3,4,0,0,200,84,138,82,133,1,8,2,0,24,0,64,0,8,0,0,0,0,0,4,4,0,160,85,10,19,229,68,155,40,137,66,20,217,250,33,252,191,6,3,128,96,56,8,5,64,144,3,14,188,191,11,2,0,63
55,0,254,183,201,221,56,0,104,74,180,156,131,48,246,207,255,127,119,207,204,140,252,255,153,35,3,220,247,12,63,0,192,51,123,126,1,0,128,204,144,248,253,19,114,195,255,159,0,17,48,3,7,0,224,194,193,249,255,255,1
32,15,3,0,206,0,52,176,249,199,252,65,32,221,191,112,0,0,0,32,0,7,24,0,0,0,60,30,197,136,60,66,137,112,118,206,247,13,36,156,57,255,191,165,76,30,16,3,196,128,24,207,125,76,49,99,98,188,239,9,56
0,13,0,0,0,0,161,96,19,252,73,3,0,34,244,95,7,0,0,56,0,3,16,0,0,0,4,0,14,17,32,1,89,97,190,222,0,88,111,144,123,51,191,239,140,62,32,4,8,105,33,22,178,144,66,132,164,67,254,47,7
32,12,2,4,128,1,176,240,26,198,237,1,4,129,255,119,5,64,1,40,0,0,16,0,0,2,0,28,71,136,60,64,156,16,63,230,35,14,113,196,155,155,223,33,238,31,4,16,1,108,144,2,248,124,0,65,66,162,255,223,60
3,140,252,7,128,51,32,0,224,28,129,159,76,2,32,193,255,127,143,0,0,0,240,95,33,66,0,32,10,17,96,6,9,0,48,74,239,20,32,128,40,41,157,164,68,222,255,151,136,16,17,19,1,0,34,196,196,0,156,59,32
67,136,252,111,0,50,225,47,128,156,73,3,0,18,112,131,255,247,255,13,0,0,224,136,39,70,68,32,136,19,224,255,31,0,128,128,202,248,71,1,51,2,26,71,136,116,6,128,1,48,1,19,0,0,0,206,205,1,176,127,11
128,2,7,0,2,0,72,137,164,35,31,0,4,129,140,63,2,160,1,16,0,3,0,0,0,10,0,4,0,119,193,42,7,8,81,57,191,167,148,114,164,228,0,188,47,1,128,16,32,28,132,65,8,66,140,91,91,175,67,208,62
176,231,3,0,231,140,62,187,253,103,254,228,227,255,255,32,0,0,0,0,128,199,28,68,0,49,191,159,231,140,63,226,156,185,55,255,243,15,81,206,253,255,207,17,250,39,144,23,228,197,252,255,127,255,249,243,179,252,255,2,37
39,12,254,7,128,1,48,128,104,66,228,125,8,2,16,192,255,127,3,0,0,0,240,239,0,0,0,28,134,0,60,2,128,0,112,102,103,6,0,0,144,188,223,51,96,199,255,235,0,24,0,1,0,0,3,62,4,0,6,0,24
176,70,3,0,196,136,62,185,125,71,254,65,163,255,221,56,0,0,0,48,128,3,8,0,0,1,190,143,99,204,63,98,156,24,31,231,49,142,112,206,157,255,67,112,254,39,0,17,64,70,204,247,62,230,152,49,255,223,247,12,63
8,166,0,72,54,96,3,128,246,181,27,66,104,126,49,0,0,128,8,48,49,55,3,0,98,204,252,1,24,115,1,0,165,201,49,57,255,11,20,114,252,254,82,156,11,33,96,128,154,81,55,117,131,129,110,205,220,6,0,179,32
129,178,108,4,128,19,0,225,247,133,91,143,197,176,103,195,29,96,0,8,0,0,112,159,1,2,0,124,148,34,1,34,146,221,244,155,191,137,64,54,111,110,2,205,153,244,115,14,128,9,48,0,195,185,231,206,193,228,56,255,0
97,29,12,0,128,17,48,32,16,156,200,15,0,128,17,248,1,0,0,0,0,0,112,4,1,2,0,28,132,0,52,140,25,99,102,204,198,124,111,152,49,51,191,111,200,62,0,96,0,0,0,0,240,6,1,6,0,0,134,0,33
37,118,110,35,201,157,56,128,237,7,244,108,54,129,159,248,159,121,70,132,136,140,120,230,17,35,34,222,231,8,63,2,128,58,83,103,255,14,128,223,157,189,67,16,226,199,209,121,116,140,6,0,96,239,255,123,27,252,3,0,62
0,29,6,0,2,0,48,168,117,173,90,15,4,0,185,240,14,160,3,64,0,31,32,128,0,0,4,0,132,0,52,128,186,171,22,213,87,141,234,170,85,127,171,111,221,56,3,224,0,24,0,0,0,0,0,0,38,18,213,143,55
1,29,0,0,0,16,96,18,105,78,228,137,199,113,254,71,0,0,0,0,0,0,96,128,1,2,0,0,140,1,56,168,8,42,66,69,215,165,170,170,16,117,139,110,84,154,16,62,132,135,240,8,79,248,225,195,195,227,253,255,1
65,237,1,0,0,178,97,22,201,123,160,136,199,113,254,159,0,32,0,0,0,0,96,128,33,2,0,32,254,159,240,168,43,234,66,93,213,165,174,186,16,117,185,126,68,154,1,126,128,7,240,0,143,120,242,231,231,227,255,255,7
32,253,7,0,80,250,119,18,233,255,160,137,199,113,255,223,0,0,0,0,0,7,13,192,32,65,70,163,255,255,124,136,8,32,114,70,239,63,163,136,16,89,253,35,240,202,145,127,228,7,252,192,207,126,255,255,243,251,255,255,7
75,29,216,110,67,248,181,100,147,252,137,3,129,32,254,95,63,215,206,252,251,153,201,192,51,103,2,2,253,159,180,153,249,239,6,68,196,100,230,187,49,49,187,127,68,158,0,232,193,7,0,0,6,48,240,227,227,243,253,255,11
1,188,76,0,128,31,32,165,178,132,75,143,195,113,254,207,29,96,6,0,0,0,112,159,1,2,0,124,133,3,96,102,145,65,188,155,187,9,64,16,111,46,18,197,139,52,32,12,8,15,241,16,255,125,227,199,199,3,248,255,15
64,128,20,8,2,32,1,128,32,0,80,2,4,0,32,195,38,128,8,16,1,55,1,0,2,4,76,0,0,51,0,9,192,14,216,5,0,96,128,11,0,0,0,26,176,33,0,96,16,8,2,0,128,1,6,92,92,4,0,241,32
64,136,0,8,2,32,1,100,146,148,73,3,2,65,168,119,34,128,8,24,1,17,0,0,2,4,4,0,8,51,0,16,16,4,156,129,8,72,64,3,7,2,2,205,153,180,0,48,16,4,128,32,136,65,102,205,206,6,65,251,53
33,14,127,2,128,153,56,168,246,165,91,3,129,97,252,222,255,117,70,0,0,0,112,196,17,34,0,84,197,10,53,0,16,201,244,189,223,155,78,50,247,118,2,255,153,52,0,8,0,23,224,1,14,112,211,167,163,211,245,239,15
200,242,1,64,182,38,131,235,31,160,90,138,199,241,238,63,0,0,0,240,55,127,7,0,64,138,128,108,16,243,1,51,210,191,253,255,0,192,200,111,207,70,2,88,187,48,9,94,146,79,242,4,255,253,228,65,203,231,249,255,62
48,255,0,0,126,217,56,54,219,222,224,201,229,144,127,65,0,0,0,16,0,223,13,128,16,32,48,185,255,0,26,192,149,116,253,238,239,78,215,221,187,187,254,193,138,247,209,71,244,137,62,72,67,191,255,251,193,252,30,51,1
24,31,2,8,94,32,37,160,253,199,252,71,32,90,251,48,6,128,9,112,25,255,15,0,0,68,252,2,140,25,48,131,219,225,126,223,65,13,106,184,117,127,187,111,212,94,24,1,68,192,8,191,111,132,17,35,0,48,253,15,60
33,12,254,6,0,16,48,0,120,206,236,129,203,115,254,223,255,123,15,0,0,0,240,204,3,0,0,0,204,29,56,0,8,0,114,204,199,60,98,136,16,55,155,119,196,223,63,255,129,55,240,3,15,0,128,199,199,227,253,255,31
97,253,13,4,0,209,248,22,201,90,164,136,199,49,255,207,17,96,4,0,0,0,64,128,1,2,0,144,255,13,254,153,12,34,195,100,76,118,178,201,144,145,221,55,96,207,19,126,132,15,240,0,79,120,225,227,195,251,255,255,1
64,29,8,4,0,16,160,102,147,220,201,143,199,113,254,95,1,0,0,8,0,0,208,0,1,70,0,0,142,17,48,149,121,101,174,204,202,124,102,153,51,51,155,111,136,126,1,30,128,11,240,0,207,248,227,199,199,227,255,255,3
33,95,70,0,8,153,56,232,247,181,91,11,135,33,253,222,16,1,0,0,0,136,112,68,17,34,0,16,213,15,55,130,147,238,215,253,221,15,130,251,247,119,187,127,144,56,17,76,4,139,96,8,230,244,211,167,131,193,244,239,15
32,237,47,2,128,136,53,80,154,218,173,193,241,255,255,195,143,121,0,0,0,0,0,64,0,49,127,191,111,204,62,64,8,16,170,238,106,86,119,133,186,11,253,33,100,15,0,207,227,127,253,195,15,126,248,241,255,251,255,15,0
254,249,128,255,127,255,183,118,95,248,224,223,3,32,255,11,0,159,207,255,253,223,143,124,242,229,231,243,255,255,180,223,255,255,79,4,64,32,238,253,17,248,255,111,192,222,251,127,124,3,0,248,198,191,255,255,163,220,182,34,3
8,192,3,0,18,32,7,129,32,3,246,0,2,247,170,55,0,0,0,16,0,55,1,0,0,8,220,5,0,243,0,34,136,8,82,65,23,6,160,130,4,221,129,48,246,11,192,16,48,4,134,115,13,67,46,221,223,47,67,248,60
64,237,7,0,0,240,48,52,218,255,141,3,135,97,254,223,0,0,0,0,0,29,0,128,3,6,0,0,252,15,248,152,25,34,194,204,207,127,254,153,17,49,249,127,64,30,0,36,32,5,164,89,14,82,255,255,147,74,127,226,39
120,253,3,248,127,250,181,246,31,216,236,209,251,127,255,10,0,2,128,244,255,255,143,72,34,253,255,35,255,157,56,133,217,231,254,255,0,48,110,152,49,115,187,111,192,30,60,159,207,247,253,223,255,252,243,129,128,192,255,255,7
64,125,2,0,26,240,160,118,155,248,141,143,135,32,254,31,0,128,12,240,17,159,1,0,3,70,0,0,252,31,88,159,91,102,254,253,128,112,238,185,51,51,184,255,0,222,51,124,0,15,96,0,6,112,255,255,135,195,123,255,7
10,239,131,200,123,242,71,173,246,151,15,211,235,127,253,62,0,128,152,55,243,55,15,24,230,205,239,99,248,255,161,170,179,234,87,153,223,175,196,250,37,246,19,254,9,60,244,191,253,183,255,251,223,127,143,255,19,143,99,240,63
96,253,67,102,73,255,180,118,219,250,129,137,231,49,255,79,18,19,4,152,248,137,79,76,241,227,3,240,255,15,60,153,109,102,207,108,204,102,246,217,49,48,252,119,0,7,193,223,252,159,255,64,198,255,255,255,255,255,59,242,3
8,29,0,40,94,48,160,102,155,220,201,95,133,0,245,26,0,128,8,240,25,255,15,128,2,4,100,0,140,25,48,133,89,103,254,221,194,124,102,152,51,51,187,239,136,190,25,108,15,139,64,8,244,176,195,130,1,193,252,255,15
97,29,74,38,129,153,48,240,251,198,237,205,102,0,255,225,29,81,4,232,136,8,112,196,17,3,0,24,207,136,60,138,249,110,222,205,213,12,162,155,49,55,155,103,68,158,15,235,195,122,88,134,53,172,176,96,96,243,255,15,24
1,237,95,2,0,185,48,0,242,222,201,195,227,121,255,207,63,115,0,0,0,0,240,76,48,98,98,50,221,27,48,0,128,100,148,204,239,14,64,153,51,51,254,231,136,255,55,255,197,191,248,9,15,120,241,231,195,243,255,255,3
65,189,8,36,128,27,224,47,178,148,73,139,199,145,239,167,17,96,4,136,0,0,112,157,17,2,0,124,157,3,161,221,113,119,68,138,174,120,223,20,41,42,126,193,136,53,52,126,159,239,241,26,255,127,227,198,199,33,248,255,0
56,15,3,24,95,128,53,176,249,206,236,69,32,222,153,48,2,128,0,112,151,247,9,0,2,29,126,3,66,152,60,0,152,59,118,199,247,15,99,140,29,255,143,97,236,223,16,1,64,128,8,255,105,196,31,35,32,24,199,8,60
97,13,28,4,0,16,224,54,154,222,173,1,192,48,119,139,55,224,13,24,0,0,0,0,2,6,4,0,238,17,216,223,29,64,128,204,200,76,230,157,51,35,220,231,12,127,0,4,0,17,32,3,3,16,96,246,241,120,126,51,1
0,29,2,8,94,0,52,178,121,206,252,67,40,74,145,48,0,128,0,48,1,247,9,0,2,4,124,2,198,136,60,128,24,32,126,215,119,13,226,136,17,255,139,107,220,158,16,33,68,0,8,141,64,132,19,35,32,16,255,15,52
152,246,1,136,126,100,11,136,237,47,114,244,97,126,119,0,0,0,1,113,111,247,191,16,0,128,252,67,180,102,3,132,166,187,33,53,247,191,27,104,212,252,107,26,113,64,242,7,244,145,127,255,79,159,255,254,1,124,2,48,1
97,13,90,44,0,16,248,55,152,222,237,1,0,0,255,31,63,224,79,252,1,0,64,128,3,2,0,0,230,12,254,223,253,119,7,168,168,122,117,213,171,163,222,213,174,39,0,160,1,35,32,3,22,48,64,242,195,251,255,255,7
8,168,1,64,18,34,33,233,52,165,90,131,251,127,238,15,0,0,0,8,0,0,0,0,34,206,204,32,24,51,32,163,210,168,92,149,81,137,192,171,85,86,3,107,217,60,64,143,208,19,122,161,7,61,246,239,239,247,185,127,10
160,18,2,0,134,0,26,10,229,43,50,12,6,193,205,62,0,0,0,0,0,103,0,128,0,0,24,141,0,96,15,96,6,153,113,51,127,147,25,102,204,220,100,24,179,225,1,112,0,12,0,0,0,195,13,25,26,254,65,248,62
37,12,127,6,128,153,60,0,104,78,228,129,68,209,255,231,255,121,6,4,0,0,112,192,1,1,0,156,231,140,62,0,128,16,83,98,103,6,176,204,136,189,223,49,230,15,2,242,129,62,208,3,13,8,160,65,99,255,255,221,56
32,22,6,0,2,0,56,145,232,66,164,12,4,128,17,88,0,0,0,0,0,15,48,0,0,0,0,0,128,4,30,170,140,42,115,103,255,6,176,202,148,189,193,50,102,199,1,96,0,8,0,0,0,0,8,18,17,156,39,64,30
1,226,141,0,128,102,3,192,5,41,50,132,195,113,238,247,9,6,0,72,48,0,32,152,97,128,192,236,56,247,1,5,64,145,248,119,2,176,9,0,72,220,36,0,243,128,72,126,154,7,242,36,175,249,230,201,255,231,249,255,60
64,160,0,0,0,32,1,201,36,33,27,2,64,16,114,67,0,0,0,48,0,3,16,0,0,0,0,68,144,51,33,32,226,206,152,25,153,193,140,51,103,68,32,222,25,48,0,4,128,1,48,51,19,24,96,254,236,100,152,51,33
71,9,252,255,1,243,224,55,0,216,137,3,204,1,236,223,255,255,255,207,57,24,225,156,255,103,0,32,252,31,192,255,31,0,64,136,132,232,214,251,1,36,18,255,8,55,6,128,1,56,224,3,4,0,0,196,199,195,249,255,31
65,0,12,4,0,0,64,2,65,8,160,12,4,0,0,129,0,32,0,0,0,0,64,128,1,2,0,0,0,0,200,136,0,34,64,4,68,48,130,8,16,16,76,18,32,195,3,96,0,8,0,0,0,0,0,2,0,96,26,51,0
0,124,3,0,0,162,37,208,89,74,244,157,131,115,252,63,0,0,0,232,16,4,113,136,32,0,64,32,8,221,56,129,200,35,126,215,0,4,34,136,16,221,175,107,244,222,58,26,128,6,208,61,205,232,231,71,71,163,105,255,62
0,60,196,0,152,51,33,64,75,216,128,221,3,83,248,245,40,2,0,64,0,150,241,140,34,0,100,32,140,19,32,0,64,115,234,94,2,116,47,0,24,121,189,34,68,218,114,186,132,150,208,61,79,160,231,79,3,164,233,255,26
32,239,5,0,192,187,53,129,190,7,143,131,225,120,255,195,31,19,0,0,0,2,48,72,0,64,66,254,237,159,56,0,129,236,182,221,255,13,68,187,119,55,19,239,12,62,176,15,236,131,253,219,223,126,251,255,231,241,254,55,1
24,70,3,136,118,224,31,200,63,99,126,0,228,249,255,62,6,188,1,55,224,119,15,0,0,220,255,227,123,255,71,210,14,36,146,118,127,79,43,237,223,3,236,35,240,74,1,19,0,88,254,128,0,236,252,97,251,255,237,15,56
96,253,0,96,89,187,160,84,155,216,133,201,231,145,255,1,0,32,196,0,16,139,73,76,49,99,98,240,255,31,48,144,200,118,218,78,232,100,167,157,59,1,253,39,68,95,57,15,142,203,249,156,247,254,243,199,193,96,254,127,1
32,143,7,0,64,152,52,144,250,70,237,193,227,121,255,195,7,16,0,0,0,3,24,64,0,0,34,183,237,141,62,32,128,40,23,229,219,142,2,218,183,183,3,126,224,15,16,31,196,215,248,143,79,252,241,227,227,249,255,127,0
3,232,143,1,0,102,75,22,224,123,164,28,3,65,200,191,56,96,143,66,1,30,244,185,131,4,4,0,56,255,202,255,29,0,33,32,255,126,119,64,128,168,220,149,46,199,225,48,32,4,128,64,136,119,222,255,255,11,67,200,63
160,198,15,0,0,0,60,144,170,82,167,128,193,241,255,207,7,0,0,0,0,0,0,0,0,0,0,129,98,204,31,0,164,112,19,110,225,6,181,255,185,249,253,149,38,3,128,13,96,3,108,193,6,54,248,241,243,251,255,38,7
240,73,3,0,64,216,188,86,159,250,165,193,243,253,255,39,0,0,0,16,0,1,0,0,128,49,55,155,119,204,31,209,76,52,155,238,104,70,183,253,187,3,252,17,102,7,144,28,36,247,252,207,79,114,233,243,131,250,127,254,39
33,14,111,0,140,25,120,48,248,214,237,133,195,121,255,255,13,97,67,0,0,2,112,4,0,0,32,156,197,12,254,198,28,16,49,230,239,30,115,68,186,187,223,17,226,231,30,26,132,150,208,175,79,104,161,67,67,247,253,255,60
128,242,3,0,128,238,7,137,100,7,118,140,70,193,170,55,0,0,0,0,0,0,0,0,0,194,64,236,25,255,0,168,8,42,66,69,87,175,162,170,4,212,3,122,244,202,225,112,56,12,135,112,200,91,111,255,95,10,67,184,52
67,185,0,116,144,51,193,63,96,140,72,151,201,50,230,15,0,224,159,201,16,0,241,153,97,64,64,96,152,51,160,205,240,51,68,132,102,56,195,12,1,26,238,67,248,117,32,14,136,227,113,62,247,253,227,196,197,1,184,127,1
39,124,252,55,205,159,56,192,59,0,201,143,6,0,250,247,255,31,87,236,206,174,252,255,21,34,32,252,133,12,62,2,128,0,253,174,161,10,0,84,171,170,94,213,170,247,49,122,128,14,208,0,192,104,167,79,67,163,105,255,30
152,127,131,64,127,238,39,46,247,191,91,203,231,241,255,7,0,150,128,117,177,255,15,88,96,193,254,99,217,191,97,86,23,212,244,190,255,95,93,117,251,106,254,193,155,244,80,24,20,130,66,253,207,253,255,239,3,244,161,239,31
8,189,128,64,18,114,129,102,211,188,72,199,225,58,119,72,32,2,136,16,17,23,129,8,34,68,244,35,254,59,96,145,91,100,190,221,200,88,110,185,119,51,186,239,136,254,242,167,92,0,10,249,71,133,255,254,41,20,128,3,1
136,230,1,8,54,96,3,42,117,173,122,142,199,49,255,15,0,128,0,113,49,255,15,128,66,132,196,64,62,51,1,128,178,187,5,148,247,187,218,106,209,254,106,91,185,112,129,84,0,9,164,0,2,94,253,255,251,255,95,170,37
152,230,7,0,254,255,15,137,180,7,95,130,102,209,191,229,0,4,0,0,32,239,63,125,68,232,235,255,145,255,3,162,131,234,120,253,213,143,136,250,117,244,3,254,17,48,128,0,188,140,215,120,221,127,255,255,23,8,66,240,60
96,233,7,0,0,252,30,64,85,173,114,34,181,172,5,90,1,0,0,8,0,0,0,16,65,166,131,208,245,46,7,138,228,34,81,36,69,34,146,207,145,144,203,115,240,199,225,1,120,0,15,240,128,55,223,254,191,29,2,0,15
53,238,239,3,240,255,63,130,237,111,240,252,235,126,241,200,141,31,0,0,0,6,254,255,192,129,255,251,255,255,95,174,10,32,112,85,247,23,42,136,80,253,171,46,80,202,255,159,124,151,239,255,15,132,255,255,191,223,134,0,7
8,230,133,64,16,34,7,129,32,7,127,2,203,123,254,223,5,2,129,40,16,2,49,24,32,192,204,102,152,255,96,162,130,8,16,21,215,7,0,42,116,245,1,126,80,72,32,13,72,43,121,144,247,127,242,244,255,3,254,103,11
1,141,220,36,0,51,32,96,211,188,73,159,77,18,112,195,61,99,4,136,0,0,240,156,51,102,0,0,158,3,0,0,0,226,254,220,205,109,238,185,113,113,187,239,5,216,115,134,0,145,32,25,2,0,231,206,129,64,152,119,1
193,13,26,44,0,16,224,61,182,181,79,3,0,0,0,152,23,224,223,185,0,0,0,0,1,46,0,0,128,11,160,187,251,239,7,8,152,205,236,187,119,99,50,255,13,120,192,0,0,0,7,112,192,3,15,190,31,12,2,64,31
223,137,251,255,123,254,231,63,128,180,15,7,0,34,244,30,127,255,255,255,251,189,143,216,247,239,231,99,253,255,225,191,127,230,4,0,0,240,254,249,49,48,250,255,0,244,231,29,1,48,110,227,30,34,0,254,255,223,39,68,15
67,232,157,4,0,48,1,4,150,189,11,27,222,67,128,255,51,102,12,8,0,0,192,152,99,198,4,0,24,51,1,0,224,134,220,144,13,105,200,191,1,0,48,239,153,252,243,254,16,28,130,33,8,1,255,255,223,7,1,248,52
0,237,7,0,50,240,11,36,182,183,15,3,140,0,96,207,35,4,0,0,0,17,130,16,66,132,196,65,184,127,1,10,147,194,85,184,159,11,196,115,97,230,114,255,11,52,192,192,56,26,71,96,132,35,255,255,223,141,2,240,11
37,198,111,3,193,159,60,128,250,87,175,1,225,121,255,223,223,123,4,4,128,0,120,102,1,35,3,254,239,140,62,0,0,89,35,107,255,223,53,214,254,175,209,180,46,71,0,11,0,2,217,216,205,126,255,255,119,179,255,77,26
103,237,223,135,97,255,127,20,130,242,143,249,255,135,0,218,123,255,204,7,192,144,204,236,247,239,103,147,253,207,254,191,31,0,192,45,222,255,254,219,48,176,88,126,0,195,231,255,120,31,15,224,0,7,254,255,255,31,2,0,15
0,232,5,0,0,34,67,34,81,172,88,143,193,48,230,135,0,32,0,0,0,0,0,136,32,64,192,96,24,243,192,204,16,16,68,134,230,120,207,12,25,58,126,65,136,52,64,39,208,3,58,160,135,61,254,253,255,247,152,55,1
65,253,12,0,128,51,65,6,194,152,1,159,70,81,234,231,1,96,0,0,0,0,96,136,33,66,0,32,24,51,160,12,41,67,98,8,134,116,111,16,32,96,189,239,13,218,113,62,136,7,209,24,207,249,239,223,199,3,120,255,62
65,168,12,4,0,48,97,0,192,184,1,58,157,3,64,223,51,98,12,8,0,0,192,128,39,78,4,0,8,187,32,0,32,199,224,24,142,253,238,33,0,0,176,239,29,184,103,224,91,30,3,49,128,1,6,44,255,7,128,143,63
37,206,127,7,128,153,60,0,245,255,122,223,131,113,255,255,255,125,2,12,0,0,240,246,0,1,0,154,247,136,63,0,0,145,182,210,235,29,105,32,122,75,255,9,221,248,223,159,64,21,168,129,10,128,253,249,251,255,221,175,53
33,252,7,0,0,0,32,18,233,74,164,220,207,35,240,207,8,32,2,0,0,30,240,170,0,0,4,0,110,213,24,130,136,33,114,84,103,7,32,136,16,249,253,42,116,202,191,255,128,31,240,1,15,152,243,231,227,243,255,255,1
224,89,11,44,0,177,240,127,142,112,143,4,129,32,244,30,1,192,79,248,201,0,80,4,1,38,0,16,228,15,190,191,239,239,3,0,216,245,174,187,118,81,185,126,81,200,57,12,12,194,97,28,230,240,223,135,5,129,112,238,15
65,137,27,12,0,0,193,46,0,248,3,18,157,34,64,154,35,224,12,8,1,0,128,0,7,14,4,0,128,51,224,156,43,4,130,64,206,245,190,177,98,1,185,254,69,10,6,229,123,123,111,131,2,20,80,180,188,91,150,2,7
32,246,7,0,132,0,10,80,203,90,165,205,67,144,255,67,0,0,0,96,0,7,52,128,0,0,16,137,110,84,26,70,133,81,249,238,163,2,17,68,168,169,221,145,46,199,135,255,160,7,48,64,3,122,248,243,243,251,127,243,32
0,232,5,0,0,34,1,4,130,48,11,150,193,50,246,199,0,0,0,0,0,0,0,8,32,64,64,96,152,51,96,1,64,0,184,80,0,80,40,128,98,65,185,174,85,218,32,39,200,1,57,176,131,63,254,254,255,3,156,19,0
1,237,157,0,0,240,33,0,233,255,160,0,132,32,247,202,63,123,0,0,0,0,0,128,35,0,68,32,254,221,216,142,10,32,0,68,95,45,170,168,80,85,171,106,208,218,231,255,224,25,44,1,2,0,254,255,255,127,158,34,1
245,17,232,255,137,159,56,194,101,9,48,12,0,128,239,39,223,223,247,255,255,136,112,230,17,34,0,252,255,0,63,0,226,255,7,16,85,1,138,190,80,124,41,42,81,216,89,8,0,136,0,8,96,169,239,3,0,164,32,253,26
245,125,74,38,201,221,188,220,159,251,143,252,255,41,213,90,17,17,68,140,136,136,120,231,149,35,35,222,229,12,63,144,104,239,239,253,72,244,255,251,242,1,248,126,116,139,249,123,254,206,139,60,240,255,191,11,8,4,128,12,62
74,13,146,120,126,32,97,42,96,175,122,10,143,97,252,31,34,130,159,241,59,255,11,0,34,204,204,0,136,59,224,171,186,170,86,21,85,45,130,251,17,116,43,126,208,24,31,220,7,255,235,5,46,224,193,1,128,195,245,239,31
222,125,147,255,127,250,231,127,27,248,141,159,2,0,248,55,32,222,255,255,255,255,143,120,226,255,199,35,255,255,248,223,127,245,135,72,202,92,127,145,251,3,252,231,12,158,97,105,121,14,66,0,144,119,158,255,255,135,128,76,31
37,252,236,39,201,223,56,192,31,16,3,142,2,192,238,247,223,95,68,236,254,136,120,255,81,163,2,252,245,14,55,19,192,108,254,255,0,0,0,191,255,3,144,238,4,222,65,50,16,0,0,32,192,251,255,255,95,39,1,249,56
117,29,252,255,201,221,184,192,31,32,27,206,1,56,247,67,255,93,103,255,255,138,250,119,17,163,34,220,247,14,55,51,241,253,191,157,0,192,0,59,255,3,0,254,8,244,30,159,6,240,240,143,111,128,97,0,0,248,255,255,1
32,178,0,0,0,17,8,34,243,156,200,15,4,0,119,72,0,0,0,40,0,0,112,0,0,0,0,16,158,0,0,34,165,75,53,41,215,10,20,82,164,182,82,214,42,101,1,69,64,73,41,128,242,191,114,164,236,81,188,39,1
160,87,70,0,204,25,56,253,190,7,127,126,60,142,17,248,0,33,0,0,0,238,122,87,20,56,56,220,133,0,119,182,155,237,190,221,219,221,74,34,247,87,2,126,153,248,254,41,116,128,14,255,92,7,29,62,1,28,6,0,31
33,31,78,4,128,25,56,241,191,6,239,15,6,193,255,245,29,80,7,232,0,10,112,68,0,2,0,28,199,136,63,35,216,110,223,237,17,12,128,223,149,183,3,118,238,31,5,114,129,44,144,0,112,94,32,113,114,250,127,153,52
0,48,0,0,128,17,0,2,65,56,16,2,0,144,255,39,0,32,0,0,0,0,16,0,0,0,0,16,158,2,129,210,164,117,145,38,235,2,17,77,186,152,92,16,34,3,80,0,20,128,2,40,224,251,239,223,3,36,0,243,0
55,242,237,35,232,223,120,46,214,189,11,143,6,0,238,231,253,127,103,135,128,206,254,255,153,35,2,254,247,140,127,119,23,0,248,255,170,91,93,117,239,234,116,129,11,224,225,118,32,9,0,0,128,91,255,255,255,75,90,176,37
225,1,44,20,132,0,192,63,224,255,240,128,203,127,254,167,11,224,62,0,0,4,32,128,31,0,24,12,2,0,200,253,31,1,32,4,122,253,127,0,94,19,172,2,240,154,30,255,247,247,248,175,31,0,0,64,64,252,253,191,32
26,13,178,217,127,32,135,213,43,66,165,213,131,123,255,31,36,138,185,246,255,255,159,41,0,92,255,131,40,245,218,247,141,1,186,102,3,4,32,128,190,137,205,48,102,207,63,31,0,99,224,31,63,240,192,128,129,195,255,255,15
225,29,74,36,129,153,248,127,146,252,141,255,53,128,23,0,17,113,68,140,136,0,112,70,17,35,2,24,199,8,255,221,63,119,135,128,238,126,127,1,187,3,252,199,136,247,191,223,235,249,61,134,48,132,0,0,244,88,254,2,1
225,13,72,36,0,17,248,126,27,248,201,207,1,56,119,0,27,193,70,216,8,0,64,132,17,34,32,16,198,0,254,253,127,101,175,204,0,240,127,16,247,35,218,255,136,63,158,197,247,249,62,207,50,128,0,0,48,252,158,0,1
33,15,108,0,128,17,248,255,154,144,143,3,0,248,255,231,159,225,7,32,0,2,112,0,0,2,0,28,134,0,252,255,31,0,184,255,171,94,69,21,254,11,244,129,15,127,16,0,0,240,48,95,79,136,97,194,0,224,123,255,0
128,18,0,8,2,16,0,201,117,37,90,14,0,0,0,127,2,0,0,248,0,13,0,128,1,2,0,4,0,34,1,40,194,138,220,189,21,169,200,123,5,244,2,222,153,240,82,160,20,128,2,45,64,129,5,10,8,4,0,253,62
128,18,4,0,132,1,0,145,105,7,244,12,4,128,10,37,0,0,0,176,0,15,0,0,1,2,0,188,2,16,72,127,4,24,249,247,55,130,17,70,140,140,4,0,246,135,145,96,36,128,4,72,80,10,41,94,16,40,10,176,32
1,12,62,0,0,0,193,122,0,232,120,7,2,114,254,247,47,224,3,64,0,6,48,128,0,0,12,0,0,51,64,253,31,0,232,255,0,240,127,0,252,255,155,127,192,254,87,191,0,21,0,1,15,0,224,251,227,255,253,255,53
0,22,0,0,6,0,1,10,101,47,112,130,64,209,239,39,0,0,0,16,0,87,0,0,0,0,220,0,2,112,129,72,32,146,64,0,255,47,137,174,1,252,39,1,253,120,26,150,134,209,176,13,107,136,97,1,64,244,249,255,32
33,54,12,0,128,1,56,237,182,5,15,134,3,113,255,255,13,0,0,40,0,0,112,0,0,0,0,92,129,0,231,118,155,217,48,27,187,159,5,0,254,111,18,132,15,248,0,22,0,1,32,24,255,255,227,199,199,227,255,255,33
128,22,0,0,132,0,24,139,125,7,114,4,2,193,137,116,0,0,0,64,0,39,48,128,0,0,8,12,0,0,101,39,134,137,121,247,19,131,16,66,196,252,3,24,251,97,88,16,22,192,130,60,253,237,167,11,8,4,129,221,62
0,6,7,0,128,0,8,16,89,239,252,133,3,112,255,55,4,32,1,32,0,7,48,0,0,0,0,0,2,80,154,69,236,81,43,98,34,22,49,4,234,235,255,129,111,207,11,31,0,92,240,5,45,232,240,1,235,247,253,255,62
225,9,76,36,0,17,240,126,31,248,137,3,194,241,238,247,19,64,4,136,0,0,64,128,17,2,0,24,134,0,252,253,95,71,232,234,136,240,255,17,34,32,252,197,14,255,16,30,0,0,144,45,79,248,239,195,195,231,121,255,52
0,238,7,0,2,0,1,0,224,159,201,223,75,115,250,39,0,0,0,0,0,23,176,128,2,0,76,0,8,51,0,6,128,81,54,202,255,31,0,0,172,175,215,229,14,255,243,191,192,23,248,209,15,24,255,255,255,251,255,255,32
0,13,7,0,2,0,97,34,81,255,240,7,3,96,255,30,0,0,0,0,0,23,32,128,0,0,4,0,10,177,240,141,25,33,110,204,198,60,126,0,48,255,251,127,192,254,2,175,64,16,8,129,7,132,253,251,235,255,253,15,3
33,61,76,36,128,25,56,192,127,74,224,205,229,56,119,202,29,97,68,136,8,0,112,70,17,34,32,24,231,0,62,128,128,41,126,237,87,12,2,136,20,247,139,126,192,223,251,15,0,216,121,9,66,144,255,162,0,240,190,39,1
33,230,15,0,128,13,88,191,245,143,120,223,195,115,254,247,0,32,0,0,0,0,112,128,1,0,0,220,161,206,223,247,31,1,184,191,251,219,95,0,254,139,126,209,170,245,96,59,136,4,128,240,143,127,254,255,255,35,201,157,60
0,2,12,0,128,0,1,192,37,33,114,134,66,81,238,231,15,0,0,72,0,4,32,128,0,0,0,12,2,112,64,37,2,129,184,251,18,145,41,0,238,111,33,136,95,8,8,66,195,108,152,4,57,204,48,1,252,247,253,159,48
32,70,7,0,128,0,56,145,232,7,255,204,3,193,255,247,0,0,0,0,0,6,48,128,0,0,8,20,128,0,31,34,136,8,114,127,247,15,128,238,132,253,131,58,119,203,135,255,225,7,0,130,24,92,0,246,243,251,255,139,53
160,255,7,0,0,0,120,58,233,255,240,192,227,123,255,244,0,32,0,0,0,0,32,128,0,0,0,0,102,192,126,237,31,1,104,255,98,247,127,0,248,255,255,1,244,139,128,37,104,1,12,240,207,127,255,255,255,91,158,0,33
0,230,5,0,128,0,131,201,63,0,127,132,2,126,255,247,1,0,0,8,0,0,48,0,0,0,92,4,0,113,64,119,91,1,184,255,2,208,105,0,254,79,0,136,221,24,0,32,88,5,3,240,143,255,255,255,255,3,128,142,55
32,230,7,0,128,0,10,128,100,7,114,130,66,249,255,231,8,32,0,0,0,4,32,128,0,0,24,252,3,32,67,2,132,0,112,183,247,11,0,110,221,254,67,16,179,161,128,50,240,7,144,224,223,127,255,255,255,255,107,217,56
160,255,5,0,128,9,48,198,223,248,129,255,255,127,255,65,0,0,0,0,0,66,16,66,0,16,18,254,67,128,127,221,31,0,248,255,170,120,127,5,251,11,252,129,143,188,255,255,255,255,255,191,239,253,247,1,228,243,253,255,33
0,232,15,0,0,0,128,192,31,240,15,242,255,255,255,223,1,0,0,8,0,0,0,0,0,6,0,0,26,114,65,17,64,0,248,255,0,64,37,245,251,3,252,133,15,143,254,191,255,247,255,255,15,112,254,253,255,211,255,238,31
1,128,125,4,128,0,0,0,224,7,126,178,255,119,192,255,255,111,0,8,0,0,240,191,1,2,0,124,0,48,129,0,32,130,0,0,247,47,136,34,64,252,35,74,153,176,39,250,251,63,209,3,4,0,0,236,255,163,237,223,30
200,25,2,56,46,0,216,127,31,250,244,77,0,136,223,56,0,128,11,240,79,255,4,0,0,4,28,1,0,64,223,255,127,247,7,0,38,114,127,68,136,248,255,129,47,195,29,0,0,192,0,14,112,222,1,0,0,248,255,171,53
10,140,144,88,22,34,3,100,155,220,205,131,64,16,255,7,34,130,137,112,55,119,131,8,34,76,220,32,8,49,0,0,224,85,190,202,161,12,68,149,187,43,223,197,142,63,0,226,199,55,16,7,17,8,32,64,224,243,255,255,32
37,22,108,38,136,153,56,4,226,191,9,159,4,0,242,195,61,113,71,204,8,140,240,247,17,34,0,16,197,8,55,4,33,89,32,10,255,191,93,16,236,238,23,132,15,229,83,226,0,8,0,0,0,0,229,222,1,236,0,119,8
128,119,0,0,142,1,24,217,255,7,255,252,67,241,239,55,0,0,0,0,0,111,48,1,0,0,8,28,0,0,31,74,224,255,127,255,53,32,128,246,0,252,7,128,127,195,16,0,0,0,0,216,255,255,255,255,3,96,127,255,48
103,168,236,37,128,63,192,37,130,144,137,11,4,0,246,199,255,255,247,143,0,0,112,159,113,34,0,252,159,3,192,83,225,84,152,10,137,64,132,223,171,2,84,133,10,55,33,64,8,8,97,16,160,177,207,140,141,1,48,246,7
37,31,252,51,204,29,120,171,113,141,80,15,4,128,34,195,223,63,119,199,12,239,126,247,25,50,0,252,247,0,71,78,19,210,124,223,167,45,205,52,41,126,183,197,13,252,31,226,6,216,0,12,96,128,1,0,0,96,121,255,32
200,7,18,24,22,0,195,191,252,39,127,2,0,200,223,56,6,128,17,48,7,119,3,0,0,92,252,5,0,112,192,255,63,189,7,0,250,223,127,239,255,199,0,88,251,32,8,0,2,224,64,143,124,228,0,0,0,149,229,206,31
160,118,2,0,6,0,24,102,223,255,137,255,247,160,111,11,0,0,0,48,0,87,0,0,0,20,20,0,2,192,31,0,224,255,223,251,161,10,128,255,235,235,247,129,15,229,251,63,0,0,0,0,226,253,255,161,233,247,253,47,3
101,128,109,38,128,31,176,70,3,24,1,131,201,50,102,203,221,123,102,140,0,0,112,255,25,3,0,252,199,8,254,77,81,19,108,138,0,240,229,4,8,40,22,129,143,62,44,5,75,123,123,151,183,188,82,32,252,83,188,7,3
158,18,176,253,255,0,195,123,69,104,112,0,197,161,238,31,254,238,255,247,247,255,143,138,46,84,220,40,10,240,192,119,31,157,162,83,58,213,41,4,238,79,4,128,127,8,14,196,3,121,240,7,50,144,0,0,192,243,253,255,7
154,2,178,249,255,2,199,117,146,148,207,139,196,145,238,39,254,174,191,247,247,255,31,3,12,222,93,44,0,240,192,85,29,17,44,138,162,88,117,4,170,43,214,129,143,55,14,212,3,125,240,7,58,16,0,0,192,243,255,255,39
176,18,32,184,255,0,248,251,52,5,122,14,0,0,241,32,204,128,51,253,255,255,62,211,0,0,184,222,1,160,55,98,246,223,95,179,49,11,129,246,205,238,7,128,191,32,28,0,7,232,208,14,240,237,0,0,0,176,237,223,24
183,22,252,51,140,23,200,171,97,9,80,14,4,128,0,192,255,255,255,231,46,238,118,255,93,48,56,252,135,0,71,119,211,221,188,187,162,80,13,20,254,107,52,132,15,240,13,96,3,64,0,4,240,136,0,0,0,0,216,255,48
158,6,168,92,149,2,229,45,176,165,91,99,184,254,21,152,239,247,251,109,63,98,176,95,12,184,252,126,2,32,225,118,63,213,4,2,187,223,125,4,239,43,54,129,143,52,12,8,75,226,251,191,255,253,128,0,36,145,236,79,30
176,18,2,16,253,15,60,208,111,66,180,0,150,197,143,127,192,0,0,240,222,239,45,131,140,24,56,191,3,192,30,64,232,219,123,99,55,20,33,132,12,237,133,128,127,11,0,0,0,192,209,28,253,255,243,1,0,131,253,223,30
192,115,0,48,158,3,192,63,194,189,11,254,7,0,240,60,0,128,246,208,62,237,35,133,125,0,56,124,129,0,224,125,63,223,166,27,190,253,127,17,110,35,52,132,15,248,255,255,223,238,211,62,240,233,0,0,0,4,128,221,62
244,83,34,254,255,141,190,226,93,236,112,139,215,209,238,119,222,156,55,254,255,255,111,192,137,1,0,206,99,232,63,74,240,222,95,251,37,10,129,255,9,238,71,129,255,117,8,24,2,78,240,4,252,253,243,1,194,243,253,255,62
32,118,4,0,132,1,8,192,255,7,252,141,7,0,254,71,28,0,0,224,0,14,112,3,0,0,0,204,2,96,75,78,0,17,112,227,247,63,1,4,8,252,71,128,239,231,43,94,0,72,241,0,160,248,255,1,236,195,253,255,31
33,6,44,0,132,5,24,192,125,15,240,0,196,1,255,207,223,57,0,0,0,70,112,167,8,0,16,156,39,64,95,70,0,0,184,255,251,31,1,0,254,239,231,129,255,65,9,8,2,248,251,4,36,184,242,1,228,243,253,127,10
165,18,108,21,132,5,74,27,96,7,244,140,5,0,230,199,223,109,119,66,4,110,116,183,140,0,24,253,2,64,139,76,162,155,3,2,183,191,57,4,8,252,39,128,255,136,15,230,131,33,0,2,48,24,0,0,228,99,253,255,33
139,135,191,0,18,32,71,47,228,191,91,22,10,110,144,252,239,102,155,1,0,54,178,153,66,132,220,2,16,179,225,255,31,0,32,153,255,223,125,2,239,231,3,253,159,252,2,160,0,0,0,161,10,0,124,255,251,255,213,170,37
191,18,254,255,207,0,52,165,182,5,15,15,0,0,192,190,255,255,255,255,255,126,249,75,0,25,30,14,67,184,244,118,179,221,164,145,191,219,72,3,111,6,0,200,159,244,63,240,15,124,129,22,184,192,0,0,4,2,245,239,63
229,57,104,52,128,31,240,63,241,175,112,255,163,62,119,136,17,97,231,141,8,0,112,223,121,35,32,124,223,0,240,255,127,211,6,0,166,189,237,36,1,252,183,193,157,252,127,127,11,73,0,4,176,253,66,0,236,67,252,255,33
53,230,111,2,136,159,56,192,235,66,164,64,244,184,127,192,223,123,101,34,8,130,112,102,16,50,35,253,231,4,94,70,132,16,248,239,35,2,1,68,190,139,196,0,230,7,8,3,202,242,255,255,255,252,243,32,228,177,254,15,8
154,50,0,88,126,34,195,106,85,169,114,126,10,66,128,52,0,0,56,113,127,255,191,27,110,220,252,67,18,50,1,69,210,181,189,182,34,17,91,32,222,219,110,9,251,240,255,251,30,196,3,61,232,129,7,13,12,4,128,157,60
188,22,134,131,126,255,31,155,109,39,114,244,169,62,85,200,8,13,0,66,104,230,127,255,240,160,249,255,253,111,11,160,130,170,112,245,247,143,138,42,84,252,35,126,241,240,48,9,0,128,8,188,230,181,255,174,1,144,180,6,11
143,18,188,219,118,32,71,2,96,239,112,20,139,99,212,222,255,158,191,247,247,127,191,155,42,4,220,1,10,241,0,32,6,136,89,49,21,131,152,114,196,244,3,254,63,193,47,120,11,2,0,0,180,96,130,4,173,131,244,239,31
176,18,0,180,136,29,24,226,95,140,120,3,129,254,239,95,131,65,0,248,206,0,0,6,153,50,49,221,103,0,159,239,246,187,31,162,33,10,129,78,141,254,71,1,250,117,24,0,2,192,80,255,239,248,247,1,0,224,248,255,10
10,6,180,89,54,32,67,0,64,253,82,10,196,0,254,79,254,142,191,243,119,127,175,128,98,0,220,1,24,243,0,68,130,145,120,154,35,17,9,4,104,250,255,129,157,248,7,174,1,33,32,3,23,16,64,192,227,243,255,255,1
254,9,146,249,127,118,131,212,159,250,175,0,32,136,23,0,230,159,249,247,255,255,31,32,128,252,255,179,190,87,138,209,234,182,138,86,104,69,171,237,90,89,253,1,116,74,0,0,0,216,14,205,32,132,255,1,32,252,135,0,1
37,2,126,21,128,1,216,193,0,0,255,12,0,0,224,199,255,125,119,232,14,14,240,183,1,0,0,92,2,0,71,119,196,29,184,187,0,144,0,0,254,15,0,128,191,225,7,32,1,0,0,2,16,0,0,230,231,243,255,191,33
32,6,38,0,206,0,52,32,240,135,236,255,207,0,230,143,8,32,2,0,0,255,105,128,1,0,0,4,1,136,116,70,28,0,248,255,183,31,1,4,168,255,215,129,239,159,31,239,199,47,8,130,16,4,0,226,225,249,255,15,11
167,18,252,55,136,31,120,18,97,79,240,156,4,0,224,199,255,127,119,207,14,236,240,255,157,51,0,252,7,0,223,207,40,51,98,6,102,52,163,12,0,252,239,0,240,203,47,234,139,106,0,4,48,136,0,0,196,33,248,255,8
31,168,252,255,54,34,131,66,17,136,224,159,8,2,48,65,255,223,255,255,255,126,247,187,106,212,220,33,26,243,0,71,194,145,184,150,0,16,0,0,90,75,188,1,217,248,47,134,11,121,49,23,35,144,66,128,236,67,252,127,1
160,118,36,0,140,3,32,194,125,15,112,251,255,1,254,247,8,32,0,0,0,102,48,147,8,0,216,124,3,176,33,100,0,89,252,251,179,159,69,4,236,239,7,128,143,181,127,255,255,255,251,134,191,252,0,0,228,243,253,143,52
183,2,252,183,140,15,72,29,224,23,143,220,32,26,115,192,255,255,255,239,110,228,244,255,156,56,56,253,135,0,203,118,35,213,160,26,187,219,13,4,238,107,52,128,15,224,47,230,11,32,0,6,176,0,0,0,228,1,254,63,0
48,86,38,18,196,13,62,192,127,75,180,140,2,0,250,119,220,8,5,232,198,110,252,119,1,2,1,220,35,228,31,68,232,219,51,98,55,23,49,0,204,253,197,160,119,75,43,91,0,88,219,0,160,236,254,1,254,3,237,143,62
248,13,114,252,111,16,248,253,10,66,175,64,32,8,85,8,166,193,255,255,255,255,150,4,16,52,52,16,182,0,135,83,239,214,23,74,169,7,165,253,235,233,253,133,15,11,12,65,67,120,72,134,48,132,0,0,160,209,254,15,11
52,31,96,62,207,25,48,229,190,6,207,207,5,128,119,1,24,1,119,252,159,255,121,207,29,35,0,60,133,8,60,0,240,255,127,235,183,12,193,22,45,174,23,193,143,63,28,96,15,235,1,30,240,60,0,2,0,0,254,127,3
33,50,104,52,140,7,0,194,95,40,80,158,7,0,230,207,221,5,6,224,44,238,114,159,9,2,0,124,22,32,33,0,224,255,255,251,39,48,129,4,8,76,167,129,223,56,9,224,159,79,16,4,240,249,163,1,64,32,232,255,24
252,23,96,248,255,3,224,255,61,132,122,7,0,8,209,24,196,129,251,255,255,255,31,7,8,56,252,255,3,0,225,183,250,173,190,213,80,201,74,171,95,87,2,106,249,56,8,0,6,236,195,62,252,253,3,1,0,2,193,207,62
0,22,20,0,54,0,11,64,79,251,54,0,0,192,223,252,78,160,0,16,0,119,7,128,4,0,252,13,0,112,65,0,0,0,248,255,18,210,127,0,254,143,0,144,63,225,0,32,0,0,0,56,200,253,255,255,11,4,129,143,62
24,6,16,88,86,0,231,181,176,6,239,3,180,205,143,60,2,128,185,112,23,119,11,0,46,92,220,3,8,241,112,119,153,16,188,251,33,8,0,151,239,11,151,193,207,63,12,64,195,252,249,6,49,76,0,0,100,179,253,159,56
167,18,236,51,172,15,72,2,97,15,112,12,5,0,236,223,221,127,247,239,118,110,118,255,205,0,16,252,3,112,11,76,228,147,123,34,38,50,17,4,8,252,231,128,255,193,12,40,3,64,0,14,252,240,0,0,0,131,253,255,31
158,18,230,211,255,15,55,233,54,37,91,2,254,115,254,247,222,23,51,229,182,255,127,223,76,153,218,126,83,186,101,101,18,153,188,219,50,153,105,4,110,79,39,128,223,56,12,208,223,254,251,30,253,236,0,1,0,34,237,223,60
37,166,109,0,128,1,112,1,224,7,15,211,251,127,246,207,221,97,66,0,0,132,240,223,25,0,48,28,135,0,244,68,49,81,0,0,255,159,101,20,236,239,23,129,15,62,54,190,221,183,241,255,223,48,0,254,3,192,252,255,11
33,22,44,0,128,13,120,2,225,15,240,140,3,64,254,247,157,96,2,0,0,0,112,134,0,0,16,252,39,0,95,255,31,0,248,255,251,31,1,0,254,239,231,128,127,203,9,84,2,72,0,0,160,252,242,1,236,99,253,255,53
33,6,36,0,228,12,126,0,224,39,118,4,0,0,243,224,204,52,2,0,0,102,58,211,72,0,152,254,83,160,39,0,192,157,255,255,59,15,1,4,238,207,37,128,255,128,0,32,0,0,0,0,144,13,54,254,111,55,132,13,56
0,2,246,17,190,0,0,128,105,78,228,13,0,0,240,244,254,139,51,112,6,255,47,131,12,16,92,12,2,80,72,102,4,16,248,235,51,158,1,6,174,175,7,128,239,231,31,128,3,112,0,15,48,128,0,0,0,240,253,175,53
180,127,0,48,223,153,48,228,191,150,205,255,255,8,51,0,0,1,64,240,142,255,127,199,25,51,50,62,199,8,60,84,241,223,191,251,186,220,101,20,239,43,22,193,143,254,255,255,255,239,9,142,240,156,17,0,32,16,188,7,0
224,31,10,4,128,17,184,255,191,16,129,139,197,176,255,71,1,64,0,136,0,0,80,0,1,2,0,28,134,0,159,253,127,255,167,15,254,248,127,30,62,60,28,134,0,127,17,94,128,175,240,0,95,120,225,195,195,235,123,255,0
33,248,12,4,128,17,48,192,162,0,143,3,192,241,255,199,31,96,0,8,0,0,112,0,1,2,0,28,132,0,0,0,0,0,152,13,137,0,132,255,55,32,16,134,0,191,49,126,140,15,240,0,255,123,227,199,199,227,123,255,0
33,2,12,4,128,1,0,0,160,16,141,129,199,241,239,231,31,96,0,8,0,0,112,128,1,2,0,28,134,0,56,0,0,0,224,11,190,240,125,20,44,44,20,128,15,247,31,254,135,255,240,15,15,0,0,192,195,227,127,255,32
10,175,132,64,30,34,65,45,230,183,11,198,225,58,119,202,77,102,147,65,32,6,51,153,64,0,236,103,152,63,65,4,19,193,36,152,247,31,76,16,252,255,51,255,13,248,30,47,199,163,112,191,119,60,225,194,1,241,188,127,11
74,253,133,65,58,118,3,225,55,132,91,159,199,1,238,103,2,6,128,177,49,255,7,24,99,238,193,96,156,55,64,139,83,226,252,189,64,40,206,123,17,118,58,95,136,116,241,78,184,155,247,64,193,59,255,255,223,173,10,240,8
255,255,253,203,127,238,199,63,192,255,240,65,252,141,31,136,239,255,255,23,248,247,15,252,240,225,255,251,255,15,202,255,31,0,0,4,231,63,255,12,16,252,255,3,240,138,225,127,251,15,255,32,240,255,254,253,255,7,0,0,1
223,93,147,255,115,254,231,63,224,255,240,11,253,1,247,10,34,226,255,255,249,149,15,128,243,229,231,3,254,255,240,254,63,251,7,0,255,255,255,250,1,252,251,255,0,31,111,237,255,255,255,166,48,5,0,0,188,23,132,6,7
72,237,147,72,122,242,129,84,139,120,133,64,233,122,247,74,34,134,136,17,49,151,143,8,98,228,229,35,252,63,64,145,73,36,234,77,72,240,182,153,50,17,152,126,64,11,242,188,252,151,247,255,79,50,255,255,3,204,115,246,7
32,13,2,0,2,0,48,20,154,214,173,205,1,8,119,0,0,160,0,16,0,23,0,0,0,0,12,0,128,1,56,16,9,101,190,206,202,92,102,145,62,35,157,231,76,223,191,223,1,56,8,1,0,0,0,34,32,248,255,0,7
60,253,160,126,221,171,181,243,31,200,228,65,225,123,255,90,143,19,193,252,255,130,57,78,48,97,254,191,239,137,124,239,91,0,250,223,0,164,226,186,21,125,131,110,212,94,40,29,10,235,249,158,255,254,210,133,229,67,254,111,7
0,205,3,0,2,240,8,12,142,115,15,0,175,97,252,222,0,0,0,0,0,17,0,0,2,134,4,0,188,47,3,128,224,238,211,52,221,39,154,251,80,208,104,126,48,0,128,16,32,158,230,105,78,115,223,191,155,207,115,224,63
101,253,221,102,73,251,244,62,193,255,224,143,70,65,170,181,191,251,239,142,136,136,120,238,177,35,34,186,255,141,252,159,27,34,70,212,197,45,238,184,17,115,191,111,212,222,255,255,252,28,135,113,8,129,255,127,31,14,1,128,60
0,12,0,8,6,0,225,175,176,132,73,255,11,2,240,0,0,0,0,0,0,55,161,128,2,0,92,0,0,17,32,34,178,200,20,153,155,9,64,51,119,102,2,207,153,252,63,23,1,224,56,142,115,28,0,194,64,112,252,63,32
88,125,2,124,19,178,161,228,31,144,15,223,171,107,253,30,0,0,0,248,255,19,129,8,34,254,231,2,220,63,32,16,224,253,191,221,8,64,70,187,255,3,184,127,0,254,57,124,2,79,224,4,238,248,227,1,129,195,253,255,15
33,29,124,54,128,17,48,192,30,0,127,222,0,0,240,224,255,115,71,232,8,140,240,207,17,0,0,28,133,0,52,3,232,235,126,221,0,4,160,186,65,125,187,238,85,218,255,255,129,25,0,1,0,0,64,224,230,115,255,63,33
229,1,126,62,129,9,248,117,24,194,237,1,16,142,0,248,255,249,127,238,143,0,240,231,25,34,0,28,134,0,190,109,109,91,3,32,36,182,247,196,128,189,215,176,110,7,12,225,107,120,13,199,48,6,0,0,60,27,230,0,62
11,254,197,65,254,127,3,163,243,142,192,191,223,1,234,247,252,31,128,0,48,255,255,255,225,194,192,224,122,247,64,142,145,34,252,255,255,43,194,24,17,54,26,79,136,244,251,126,188,143,247,48,232,251,255,223,223,3,0,249,60
128,246,133,1,248,255,67,143,231,31,1,220,207,113,254,199,0,36,0,0,0,143,127,188,225,192,192,241,253,127,193,252,14,33,224,119,255,247,63,0,26,24,12,2,112,202,255,254,188,151,243,57,207,120,239,223,195,226,121,255,32
1,238,15,5,0,238,207,47,160,20,11,247,187,127,221,222,1,96,0,0,0,0,240,184,192,128,197,225,254,255,195,51,149,0,28,169,145,8,0,115,231,166,2,223,139,245,224,29,120,7,239,243,143,127,254,255,255,31,6,0,63
24,118,130,72,126,34,3,2,197,249,16,12,7,1,255,63,6,132,131,241,53,255,15,0,0,192,196,96,30,51,65,68,0,17,248,254,107,85,43,0,218,89,253,1,116,138,91,252,158,143,160,0,96,241,231,139,131,230,113,255,55
1,162,13,4,128,2,193,191,48,4,201,135,195,113,254,159,9,96,6,8,0,0,112,136,1,0,0,224,121,255,200,55,213,13,189,169,16,136,64,2,247,6,2,222,171,245,33,62,128,3,96,16,159,120,226,229,231,227,255,255,3
65,237,15,4,0,255,183,100,150,188,75,131,227,255,255,207,17,112,0,8,0,0,80,80,1,195,2,240,253,191,245,215,23,68,172,136,136,88,68,17,251,34,126,197,139,245,226,23,64,0,40,241,143,95,254,253,255,127,221,11,33
64,237,1,72,18,240,103,54,193,255,128,129,199,113,238,143,34,162,136,16,16,17,1,128,227,71,68,32,120,255,216,152,61,98,65,0,239,111,247,221,1,176,255,247,0,7,0,254,128,15,240,0,15,248,225,195,195,243,255,255,11
75,168,128,72,18,50,65,38,224,189,64,147,237,50,242,131,32,230,158,1,48,61,131,152,103,206,196,96,152,51,192,140,33,2,0,0,239,121,207,0,0,120,252,15,0,56,64,10,156,251,123,62,247,185,231,206,77,165,136,127,8
33,253,7,0,128,223,60,210,251,206,228,245,251,255,255,224,0,0,0,0,0,0,112,238,145,33,34,251,255,12,62,196,4,51,235,238,102,118,119,76,152,185,223,19,98,7,240,43,252,135,255,248,207,255,255,255,95,8,10,16,24
97,253,79,6,1,255,52,52,251,222,173,193,255,123,255,207,17,121,0,12,128,0,112,236,145,35,3,250,255,143,62,136,232,126,70,204,253,44,230,191,17,49,155,103,68,94,225,27,232,14,223,240,237,255,255,255,255,3,110,152,60
97,77,79,38,128,153,112,179,233,70,228,133,67,241,255,231,29,113,71,140,0,8,112,196,1,3,0,252,239,137,252,255,249,107,6,68,213,44,162,154,17,53,139,102,196,222,1,30,128,2,112,0,79,120,241,227,195,243,255,255,10
10,236,135,64,50,98,7,192,166,16,15,252,251,127,240,255,32,6,128,0,17,50,183,57,98,204,205,35,152,255,0,2,192,204,248,93,153,1,128,187,102,33,48,254,5,216,247,191,188,151,247,123,15,96,239,255,31,139,99,252,31
1,172,28,0,0,32,37,0,219,222,205,223,203,123,254,231,45,2,0,0,0,6,240,8,0,0,68,0,206,153,48,2,128,64,62,202,163,12,0,144,41,43,151,229,76,223,191,159,8,149,241,159,15,144,243,231,135,66,254,255,37
0,15,6,0,134,0,53,161,240,135,232,87,32,126,241,248,13,32,1,0,0,6,176,0,0,0,124,2,132,8,116,38,153,72,54,205,247,13,64,146,117,255,147,239,204,254,62,25,76,128,9,159,207,132,19,39,36,0,252,15,63
1,188,12,0,128,2,33,161,121,6,236,255,11,91,176,244,13,32,0,0,0,2,240,79,0,0,92,32,8,17,56,2,144,65,54,200,187,12,0,144,63,47,147,229,204,254,63,31,8,4,161,21,171,216,226,197,198,3,252,255,53
33,12,126,0,128,1,56,128,120,70,236,125,11,67,128,252,253,96,0,8,0,0,240,71,0,2,0,12,2,128,60,2,128,17,51,226,35,14,0,196,174,139,215,177,238,199,255,255,0,20,128,1,8,0,0,1,54,26,207,136,52
0,12,14,4,0,0,184,104,20,253,127,2,128,32,212,222,7,96,0,8,0,0,16,0,0,6,0,0,0,0,116,4,8,1,34,65,18,149,40,128,86,87,129,126,213,90,0,0,0,24,0,1,0,0,144,32,37,145,246,14,15
7,188,252,7,128,63,0,128,160,5,11,254,207,50,240,203,125,127,214,9,0,0,240,255,117,130,0,116,156,63,97,6,3,1,240,153,159,25,4,0,102,102,50,206,9,240,127,254,157,19,115,49,135,57,231,206,205,129,160,255,11
176,95,3,8,127,128,62,184,253,239,126,76,163,105,253,26,0,128,1,112,129,247,30,0,0,4,190,3,231,140,63,166,186,233,55,221,247,31,106,168,245,255,171,127,213,216,3,125,64,15,104,128,6,244,208,161,163,243,255,111,15
1,182,12,0,128,55,0,137,100,1,18,140,193,48,254,207,29,32,4,0,0,14,112,157,1,2,0,252,157,43,33,162,138,171,114,85,87,133,128,170,84,85,1,46,80,74,32,14,136,11,113,16,247,249,227,199,199,225,248,255,11
128,226,7,129,96,254,31,137,228,7,55,240,251,255,238,223,0,32,0,0,0,0,30,120,192,203,203,247,249,255,15,170,162,170,83,53,93,143,128,235,85,212,3,122,240,192,224,63,248,7,255,240,223,127,255,255,255,31,2,0,8
160,231,7,2,107,253,62,153,255,103,127,196,227,249,255,202,0,16,0,4,128,135,14,64,128,33,163,247,245,207,63,162,134,234,87,253,215,143,154,250,245,244,11,126,48,224,144,31,228,135,252,232,79,127,253,251,243,255,127,64,10
0,230,3,0,2,0,3,16,109,107,180,196,195,123,255,95,2,128,0,120,0,7,0,0,0,0,252,1,62,117,8,128,202,169,58,85,64,149,42,170,84,253,171,46,85,138,0,62,128,7,224,7,47,248,224,193,195,227,255,255,39
37,29,110,6,128,25,240,54,217,222,236,255,143,99,240,255,57,97,6,0,0,4,240,239,59,1,0,16,206,9,252,77,21,65,37,170,166,250,119,0,168,170,223,213,142,183,63,250,159,22,193,31,140,96,131,7,7,131,233,223,30
48,237,5,0,64,136,53,181,186,214,205,215,227,122,247,192,4,0,0,0,0,2,184,78,0,100,126,19,239,137,60,146,149,101,183,236,251,14,0,217,255,3,220,247,138,247,165,7,200,9,61,208,243,94,122,244,246,114,254,35,33
0,29,4,0,0,17,32,36,146,156,73,11,133,0,246,203,16,0,0,0,0,15,80,0,1,2,0,48,140,17,32,162,217,109,254,205,219,140,102,155,55,55,27,239,136,62,1,110,128,15,240,0,68,120,225,195,195,227,253,255,11
64,57,0,0,0,49,0,86,203,90,133,8,197,32,247,11,0,0,0,0,0,8,64,0,1,2,0,16,252,15,8,152,9,102,202,76,204,100,166,187,48,49,185,62,64,138,17,108,4,139,96,0,198,184,227,198,129,225,252,127,11
15,237,223,3,67,248,181,100,159,248,141,115,187,127,212,218,37,31,8,12,129,16,248,124,242,231,231,3,252,143,117,149,29,36,184,237,72,212,118,153,246,3,216,127,64,223,255,159,95,247,235,255,14,128,215,167,163,209,245,78,15
65,233,11,4,0,255,225,20,138,90,133,25,175,99,252,158,17,98,132,8,0,0,224,236,179,103,65,48,252,31,152,156,41,103,226,76,206,244,127,0,0,49,253,183,68,11,96,120,253,15,239,112,220,127,255,255,255,131,32,204,31
64,233,11,4,0,240,207,85,138,82,135,16,223,99,204,95,1,64,0,8,0,0,128,0,2,206,7,0,160,255,26,25,205,70,219,104,136,102,180,251,162,33,216,190,6,3,225,93,248,15,255,240,142,127,254,255,255,159,38,64,31
101,93,78,38,201,153,48,208,219,222,228,205,231,49,255,203,29,81,68,236,136,136,240,238,17,35,34,184,239,8,188,155,249,102,222,204,69,12,162,153,17,17,191,103,196,222,61,127,207,71,97,28,246,252,243,133,133,193,254,111,7
88,13,18,120,95,176,161,228,31,208,141,67,169,62,117,8,38,129,201,60,159,147,9,0,18,126,126,2,206,9,52,147,217,100,190,223,8,64,102,155,255,3,152,111,68,30,8,13,70,251,255,159,103,180,209,0,160,209,254,111,11
65,29,94,34,73,185,240,62,210,254,201,95,175,99,212,158,57,113,78,4,0,152,232,204,51,39,6,0,204,139,244,157,27,101,166,204,202,252,110,136,114,51,187,111,196,222,127,253,71,223,224,9,14,160,209,131,131,209,245,239,15
1,253,1,0,0,17,112,2,193,220,128,139,199,113,255,143,0,32,0,0,0,12,112,128,1,0,0,16,197,11,245,148,8,37,162,68,206,118,54,136,50,17,221,55,64,15,1,126,128,15,240,0,111,252,241,225,227,247,253,255,8
0,237,1,0,0,34,33,36,178,214,205,131,195,113,238,255,1,32,0,0,0,0,0,0,32,64,68,32,8,245,8,32,185,200,22,217,145,141,236,179,101,103,147,236,13,30,0,126,128,15,240,0,143,120,230,221,223,227,121,255,55
37,236,239,3,192,159,60,0,219,222,165,237,227,249,255,195,157,59,0,0,0,4,124,238,128,1,115,187,255,221,62,0,128,21,185,238,235,14,0,69,186,139,252,1,226,231,191,255,224,31,252,193,3,16,249,243,243,251,127,51,33
0,29,4,0,0,16,48,32,210,156,201,11,199,97,254,255,0,32,0,0,0,15,32,128,1,0,0,0,132,9,52,64,21,82,69,170,239,58,213,84,169,170,94,213,170,55,1,120,0,14,192,0,44,232,160,65,199,163,253,255,30
0,8,12,0,0,32,1,137,36,33,18,138,70,81,238,247,7,32,0,0,0,0,16,0,0,0,0,0,8,49,0,34,138,138,82,81,87,133,168,162,68,85,161,46,85,218,7,242,128,28,144,0,9,72,32,65,194,98,89,251,52
74,189,128,100,16,51,65,38,209,188,72,159,205,18,98,3,0,6,128,153,48,0,3,152,115,198,192,96,158,51,128,138,177,226,68,132,221,41,198,59,1,118,58,79,136,244,97,106,152,10,3,48,128,169,239,204,205,5,0,247,8
160,246,13,0,128,255,52,192,127,1,114,192,247,249,255,195,5,1,0,8,0,0,16,4,0,242,35,252,255,11,32,160,192,174,218,255,81,129,130,255,87,85,1,126,80,88,249,31,232,217,255,252,239,255,255,255,255,121,158,51,1
96,253,3,100,0,187,33,208,27,198,237,197,98,121,255,97,1,3,128,40,24,128,81,12,48,98,96,176,239,29,184,146,232,53,134,68,105,76,34,141,27,19,189,99,192,222,182,159,237,183,253,223,207,90,251,247,3,104,127,243,32
65,24,4,0,128,0,128,246,27,216,164,5,0,0,240,75,9,0,0,72,0,0,240,138,0,0,4,0,46,80,88,85,85,21,172,170,10,240,127,0,254,3,124,193,139,181,0,36,0,1,0,156,242,148,83,128,164,64,254,39,1
0,184,0,0,0,34,1,0,64,152,192,7,1,32,228,159,0,32,0,0,0,3,1,0,0,64,64,32,8,51,0,0,0,0,0,0,207,113,2,0,18,16,56,111,16,120,225,72,8,8,103,16,192,115,239,223,159,1,0,240,15
97,29,76,36,0,145,184,228,159,148,141,255,237,0,115,64,17,65,0,136,8,0,240,71,17,34,0,28,199,8,62,18,241,255,159,205,137,8,128,255,55,3,152,255,12,255,159,239,198,89,24,5,0,128,113,0,224,252,190,23,0
1,6,15,0,128,0,0,128,180,7,95,142,71,17,238,231,21,0,0,0,0,2,112,0,0,2,0,4,0,48,1,0,128,217,120,219,183,141,0,34,108,238,3,136,31,248,7,190,128,20,144,1,9,72,160,241,255,255,255,255,60
1,2,14,0,128,0,24,129,101,5,114,142,71,17,238,231,29,32,0,0,0,0,112,130,0,0,0,204,2,96,7,0,128,157,185,179,59,3,0,66,254,207,0,144,187,225,15,95,130,76,176,0,48,220,96,65,254,243,253,191,48
0,95,2,0,14,0,32,161,250,135,237,79,167,1,255,90,0,0,0,32,0,255,17,0,0,0,76,0,128,17,48,68,137,81,190,255,251,31,37,132,254,191,223,161,78,223,1,96,0,8,0,0,240,126,243,231,3,240,255,255,26
33,140,76,4,128,17,48,0,224,222,192,159,199,65,238,255,29,97,4,0,0,0,112,132,1,2,0,16,132,0,60,0,0,33,112,84,239,31,2,0,16,248,255,127,240,74,19,158,4,159,244,9,15,0,239,223,131,235,123,255,39
26,6,182,89,254,0,3,129,116,7,126,6,0,0,255,240,238,174,187,115,55,255,191,11,12,92,252,15,2,112,0,38,130,137,48,145,187,139,0,34,254,79,2,200,191,240,31,159,3,112,0,15,48,0,0,0,0,240,253,15,0
181,2,39,145,230,68,94,137,228,39,54,0,244,253,15,218,206,188,51,7,0,103,62,179,204,16,156,207,3,224,207,98,142,16,17,34,255,15,0,230,220,221,69,0,119,1,0,32,5,35,64,222,255,127,0,226,131,241,255,111,11
8,14,54,8,94,0,33,192,123,6,236,7,0,0,240,216,238,131,10,112,19,255,171,128,38,0,124,0,8,17,32,4,0,17,120,239,163,28,33,0,172,191,151,129,78,31,0,32,0,0,0,143,6,128,17,2,0,240,253,15,15
97,29,76,38,73,185,244,110,215,253,11,3,0,136,187,224,31,241,71,252,136,136,72,196,17,35,34,18,253,143,52,153,91,230,206,220,192,252,238,187,115,115,187,111,68,222,210,162,180,128,22,105,65,139,61,123,2,60,3,144,48
225,237,219,110,73,251,244,63,150,245,15,222,106,91,184,52,63,241,223,255,251,136,200,196,19,39,2,16,253,15,252,191,251,238,6,84,221,237,238,187,81,119,187,111,213,26,247,243,253,188,159,121,9,67,63,255,27,46,3,144,52
65,240,13,4,128,239,79,1,32,0,255,156,139,115,252,159,1,96,0,8,0,0,240,249,128,0,0,229,249,255,203,175,239,235,3,0,20,176,170,2,4,244,1,126,81,136,161,110,233,3,1,16,240,127,250,252,255,3,62,118,11
33,206,15,0,128,157,60,192,251,206,236,1,225,121,255,207,31,17,0,8,0,0,48,128,0,0,0,254,239,140,62,0,0,49,179,238,235,94,115,204,186,155,221,19,226,7,0,0,194,71,248,148,255,255,243,225,231,243,255,255,26
88,237,3,64,114,226,135,204,142,113,7,192,235,127,255,26,0,0,0,16,16,17,3,0,226,252,255,35,248,255,64,176,11,236,186,93,216,197,46,187,254,3,136,126,80,10,128,31,224,31,255,241,143,126,254,253,255,251,255,79,15
10,166,132,65,54,102,195,41,52,165,122,199,225,122,247,139,4,38,145,1,48,55,19,25,96,200,252,101,152,119,129,150,178,165,36,148,123,27,74,32,255,82,42,75,185,244,62,47,199,163,120,255,119,60,241,226,1,240,188,119,3
10,239,135,193,126,118,131,225,23,132,90,215,235,127,255,127,36,6,129,49,49,191,159,24,96,236,236,97,152,63,64,163,83,224,124,189,128,136,206,58,117,254,58,223,137,116,224,26,184,254,255,249,143,123,255,255,223,175,97,253,62
72,173,1,72,18,112,129,84,155,216,141,157,205,48,246,15,34,130,136,176,17,27,129,8,34,230,69,0,254,127,8,149,81,101,172,140,200,248,94,25,243,2,120,127,0,117,162,132,40,17,37,81,130,18,235,246,151,72,126,114,3
192,77,3,8,2,240,52,254,223,255,255,3,60,140,17,56,0,128,0,56,1,17,0,0,2,6,4,0,122,255,192,186,191,238,71,60,221,47,158,251,113,240,122,127,16,32,194,225,120,24,15,225,0,135,159,63,62,30,2,0,63
254,237,209,255,127,255,52,251,127,239,244,64,233,127,255,74,15,223,195,255,255,135,15,252,240,225,239,247,253,207,254,255,255,239,7,4,64,116,126,249,242,113,249,127,64,74,126,31,206,247,255,255,255,253,243,3,1,128,252,127,10
64,237,7,0,0,240,24,192,191,39,95,2,94,209,170,247,3,32,0,0,0,1,0,0,0,6,0,0,224,238,95,186,157,110,215,253,221,143,194,251,151,22,10,126,160,119,192,18,176,148,150,105,13,75,175,255,91,174,75,240,60
79,141,255,79,18,240,231,62,64,252,192,3,235,127,253,222,235,255,234,29,0,1,0,128,254,197,252,3,126,187,224,255,31,0,128,132,72,248,127,169,87,19,168,127,208,60,0,128,1,117,185,255,31,80,0,161,246,83,255,175,53
90,249,133,193,252,255,135,230,31,152,0,191,223,115,238,119,0,6,128,225,240,255,255,255,225,195,195,227,121,255,64,125,73,65,248,255,128,240,127,16,32,32,148,164,15,218,249,31,252,199,255,252,239,255,255,255,15,3,0,252,30
37,125,108,54,137,155,240,63,196,189,19,254,255,63,115,193,217,85,70,200,8,128,240,215,93,35,32,92,199,8,117,205,27,177,254,222,230,125,111,160,88,123,191,41,213,154,255,255,255,247,113,191,247,48,0,6,1,0,188,127,11
72,237,133,65,122,255,195,118,211,248,128,243,255,127,254,231,2,166,128,17,48,159,15,152,224,192,196,227,254,255,64,213,29,33,232,238,234,250,127,0,186,27,254,3,160,55,16,30,188,215,247,255,239,251,239,223,3,236,123,255,52
97,237,15,6,128,255,254,108,146,252,11,255,139,111,192,222,25,112,4,12,0,0,240,245,65,3,2,208,245,239,247,55,117,68,141,168,136,218,84,81,167,162,82,215,10,245,225,125,120,3,1,240,148,119,222,255,255,3,164,68,15
8,189,128,64,30,34,65,38,241,157,72,247,107,127,179,32,0,2,128,16,17,119,131,136,98,196,252,35,26,51,128,196,248,241,38,198,227,28,103,0,120,123,191,67,200,254,126,183,159,245,177,255,207,216,99,199,130,98,217,187,37
202,237,129,192,114,246,199,62,192,255,128,163,255,245,174,55,2,166,136,19,112,223,15,136,227,197,199,227,254,255,192,222,31,0,192,134,239,127,255,109,11,8,252,1,240,53,224,182,252,135,255,249,207,127,255,255,223,111,83,248,53
200,237,129,72,50,242,71,62,192,255,160,128,195,121,255,15,2,162,138,19,17,21,7,128,226,197,197,35,254,255,192,223,63,66,64,8,239,119,191,252,32,248,253,191,1,64,82,158,132,151,242,255,79,248,255,219,195,237,121,255,3
200,233,131,200,115,242,71,31,230,63,3,160,255,253,239,7,2,130,136,19,113,17,7,8,226,198,199,227,248,255,192,186,191,238,70,9,221,175,206,255,1,116,2,254,1,120,192,31,240,23,255,241,143,127,255,255,255,255,63,114,3
200,237,3,76,18,48,193,127,0,232,240,128,193,121,255,15,0,192,136,184,17,17,1,0,34,70,68,0,140,19,128,169,251,238,70,149,84,169,238,187,81,116,43,126,208,56,4,254,133,63,240,3,31,120,224,195,195,251,255,255,3
224,79,3,0,0,144,184,116,159,254,173,1,229,184,255,75,0,0,0,16,0,1,0,0,0,0,0,144,231,140,63,153,253,126,223,239,128,226,246,255,163,161,216,247,46,7,128,7,224,145,252,201,15,190,249,243,243,253,255,35,1
37,239,13,6,193,255,124,18,73,206,240,193,251,127,255,192,137,121,64,12,0,0,112,238,185,33,115,251,255,140,126,136,8,34,82,196,101,47,162,238,17,252,239,107,240,94,160,5,104,1,63,240,171,255,255,253,255,19,158,0,33
32,6,15,0,0,0,56,209,186,6,239,1,0,97,253,254,5,96,0,0,0,0,16,0,0,0,0,4,128,140,63,34,140,8,19,105,209,14,0,218,183,183,67,254,110,7,0,16,0,4,192,0,12,112,200,243,243,255,127,254,63
1,12,126,6,128,1,48,0,184,198,237,21,10,82,160,247,253,115,0,8,0,0,240,79,0,0,0,0,2,144,56,0,0,17,34,194,162,126,117,0,168,171,223,161,206,31,0,0,8,0,1,16,156,104,130,229,231,3,254,223,62
3,140,252,4,0,34,65,34,80,189,88,3,136,99,224,223,251,247,138,8,0,0,160,136,127,5,68,0,8,51,224,173,19,0,96,144,198,249,111,0,0,118,59,239,153,60,0,224,25,23,195,51,14,0,198,141,207,135,225,255,63
176,70,3,8,103,136,62,217,125,7,126,68,163,104,255,26,4,0,1,112,195,247,30,64,0,0,190,131,97,238,63,162,206,169,63,245,83,15,0,234,244,247,3,126,240,200,12,63,192,7,120,207,127,252,240,225,227,255,255,15,10
48,126,7,131,255,221,62,128,253,71,246,236,227,248,255,64,0,25,0,38,200,239,31,100,144,33,251,255,247,206,31,130,132,42,83,239,247,14,144,222,149,253,75,118,98,199,211,63,244,130,30,233,77,111,253,251,19,252,15,0,24
1,253,133,0,144,171,101,38,243,159,72,223,207,33,246,207,8,0,0,0,0,4,249,219,33,1,64,34,73,185,112,4,25,65,102,222,254,253,111,0,120,123,191,239,204,254,41,127,200,15,57,144,178,253,246,229,255,3,252,15,1
11,237,223,67,16,250,229,47,208,189,73,215,235,127,245,202,43,119,202,5,16,16,161,220,114,69,238,35,252,159,240,191,31,32,32,140,222,253,126,24,115,115,187,127,0,190,247,255,253,55,255,243,15,0,144,254,255,223,164,70,15
0,255,3,0,34,228,79,18,233,255,240,128,203,119,238,63,0,0,0,0,0,1,0,128,194,4,196,1,122,247,11,136,5,98,65,44,215,47,150,90,129,252,91,254,34,165,192,60,48,7,230,113,143,251,255,223,223,239,65,254,63
8,237,1,0,82,250,53,38,211,188,72,195,225,248,255,64,0,0,0,0,0,147,11,0,48,229,238,115,253,159,52,137,81,98,92,254,196,40,215,252,17,250,255,87,128,183,128,39,224,1,60,208,131,95,255,255,255,122,222,34,33
72,13,218,108,10,48,160,245,154,144,143,67,253,123,245,26,55,195,205,184,25,144,129,12,51,254,103,0,140,3,192,187,73,36,154,77,72,68,166,187,54,17,153,126,64,26,62,202,207,251,251,31,39,160,128,0,1,129,252,127,10
0,252,5,0,2,176,37,32,121,206,236,143,199,113,254,255,0,0,0,0,0,31,49,128,0,0,64,32,204,159,48,130,136,32,114,228,71,14,162,200,16,157,207,115,240,143,1,126,128,7,240,0,207,248,227,199,199,227,253,255,15
39,236,237,3,208,255,37,64,219,222,128,253,235,123,244,207,189,63,0,0,0,0,253,255,177,67,67,243,255,223,56,2,128,53,184,254,235,4,0,9,250,19,252,3,0,223,255,191,236,151,253,217,15,0,251,247,247,89,126,34,1
37,252,237,2,128,143,52,144,250,70,173,253,203,123,244,207,29,59,0,0,0,4,240,255,32,1,64,190,239,221,60,0,136,81,186,203,171,20,36,128,190,43,149,165,76,223,189,63,136,7,241,220,255,255,251,231,199,3,254,255,1
39,172,253,7,128,223,124,0,192,252,200,131,193,248,255,195,255,127,199,15,0,0,112,255,241,1,32,254,255,15,244,223,31,0,160,170,234,122,127,4,186,170,254,129,42,231,255,255,201,51,120,131,7,0,224,228,231,243,252,127,0
33,134,77,0,128,93,24,128,237,3,176,128,196,176,239,199,159,57,0,0,0,14,112,32,1,2,0,252,247,204,31,0,128,58,83,103,127,6,128,207,148,157,73,50,98,3,0,162,132,151,240,9,15,248,237,219,195,255,121,255,8
161,50,4,0,128,71,10,2,109,107,48,136,68,144,110,199,24,0,0,0,0,13,100,128,193,2,0,252,51,246,11,32,0,155,97,51,62,247,57,66,204,204,0,24,119,1,64,66,144,8,18,32,97,171,255,73,72,236,0,113,8
225,61,76,36,128,17,48,4,251,222,137,255,229,0,119,195,17,65,4,136,0,0,112,4,17,34,0,28,134,0,188,136,96,255,71,4,220,254,255,219,17,48,155,127,128,255,25,78,128,201,112,0,97,184,225,195,193,224,255,255,0
33,50,108,0,128,1,32,129,96,5,122,14,3,65,236,255,29,96,7,0,0,12,112,135,1,0,0,124,129,0,101,102,130,0,120,243,51,1,0,0,76,223,3,0,255,248,63,62,8,2,1,16,244,120,227,199,199,3,248,255,15
